Name, MaxHeap Breadth, MinHeap Breadth, MaxHeap Depth, MinHeap Depth, BST
Wendy Garcia,28280,2214,155568,2042,11937
Malachi Henson,64544,68537,81484,72587,1210
Alisa Sweeney,108542,58556,13509,122125,1761
Jordan Moss,44703,41289,38243,36465,814
Nikhil Stewart,40934,43945,6648,40068,315
Addyson Rowe,94832,100402,31486,101274,734
Crystal Graves,138600,116745,218318,189808,860
Ayanna Sharp,9258,12195,21029,10090,556
Annabelle Lambert,4382,14925,23983,16985,349
Natalie Harris,7440,7136,20937,7256,229
Madyson Lester,11455,24712,27035,24316,1003
Marquise Mccann,18465,5443,7876,4858,372
Rubi Zavala,13463,16641,177,17019,292
Karma Hunter,19187,12895,10428,14002,395
Jabari Hardy,23289,26622,17897,25549,504
Jolie Conley,304,2426,18086,2655,407
Armani Hickman,797,15935,11197,15700,539
Macy Fletcher,4130,7778,10606,7830,550
Kathy Blankenship,6378,26312,23249,24539,487
Tessa Pope,13876,3487,6791,3086,338
Nathaly Krause,9591,20254,23530,20306,441
Parker Zamora,7078,10480,286,9464,350
Tiana Prince,10807,25394,6516,25113,447
Jayvon Mullins,17249,917,3992,808,590
Abby Phillips,15826,6992,7313,6258,292
Marc Kaiser,18620,7302,7663,8013,390
Timothy Walton,19939,16600,636,17415,510
Makai Mccarthy,24040,3080,9034,3671,768
Moises Carlson,22824,13520,18488,16933,413
Kaelyn Dunn,25864,10136,18499,10055,435
Mia Ho,25790,29157,22537,20730,613
Ethan Drake,1479,1198,11575,1170,390
Allyson Huff,2168,15338,10646,15608,1348
Kaliyah Hansen,3631,7663,8644,23822,671
Mercedes Pham,671,23570,4474,21987,533
Cornelius Yoder,3304,5489,367,5076,499
Hassan Davis,4445,21189,21121,20306,533
Kaylee Schaefer,6476,11897,2753,11897,510
Barbara Gillespie,5971,24757,20140,26140,573
Franco Briggs,6562,2759,19377,2891,470
Brayden Kline,6436,16428,10933,15373,671
Shyann Massey,8472,8593,11386,8443,367
Mohamed Mcconnell,8707,26685,12281,24964,527
Brooke Acosta,10032,5042,21821,5191,1038
Deja Wilson,6246,19101,1520,19268,412
Jasmin Meadows,11271,12275,23214,12258,797
Broderick Rangel,11552,27637,6361,28245,504
Ryker Munoz,12700,1153,13457,1130,390
Leon Yates,14065,15149,544,14960,447
Kareem Mays,13543,7250,6832,6791,413
Thaddeus Fields,13841,22417,6969,23392,424
Ashly Tapia,17495,740,4176,642,453
Cyrus Hawkins,15987,17937,14248,17478,447
Celia Barnes,16451,10548,15034,10388,447
Dexter Baxter,16681,24580,16061,25004,430
Kendall Lowery,17478,3189,15264,3120,441
Elliott Cantu,18143,16755,15258,16893,745
Jaylyn Camacho,18958,10233,16732,10153,487
Carmelo Hutchinson,19279,21103,15769,21230,567
Zoe Dillon,19641,6092,15826,5925,217
Pierre Ward,19474,19514,2311,19675,344
Harmony Kelly,19887,10434,16239,9935,418
Nathalie Mcclure,18866,25744,8288,25910,413
Dennis Shannon,1273,1554,4348,1531,453
Jaeden Wyatt,390,16744,258,17151,1233
Tyrone Cline,1101,6763,17891,7067,384
Regan Ramos,1267,20495,10250,23249,447
Donte Jordan,2718,5306,19027,4428,510
Willie Benjamin,2420,16296,20122,16165,263
Aliana Blair,3407,6757,19795,6837,263
Joy Montoya,3849,20530,5564,20771,407
Noemi Mercado,4135,1411,22044,1457,292
Maddox Wood,5799,12298,1416,12350,390
Jensen Knox,6103,7428,21247,7497,453
Sariah Murphy,5581,17983,10560,17748,413
Holly Hester,6963,4107,21063,4107,412
Rodolfo Raymond,7589,16250,7181,15361,527
Grant Wolf,7044,10170,453,10216,510
Mohammed Garza,9401,22692,24126,21826,499
Lana Alvarado,9315,1313,24866,1216,590
Evelyn Newman,10956,11719,12390,11948,430
Mason French,10216,5942,23249,6109,458
Beckett Franco,10692,17507,23880,17805,458
Jaylen Haas,10457,3464,23788,3464,521
Alec Greer,12597,16543,26415,17335,430
Teresa Mcbride,11983,11575,15034,9958,424
Emilie Snyder,10187,21597,7331,22142,642
Shania Galvan,13067,2357,25348,2363,430
Graham Wagner,15132,13296,1910,12946,567
Bryanna Patton,13732,6252,24993,6332,556
Parker Mcgrath,15063,18247,14547,18201,2644
Carolina Hamilton,17696,5093,27127,5243,854
Arjun Downs,16314,16922,27643,16968,579
Tate Lutz,15992,10164,14346,10428,533
Zaid Lawson,16119,21298,13646,20839,390
Gaige Terrell,16245,281,6929,309,676
Nolan Sosa,17983,11638,7004,12350,573
Amare Rice,17920,7187,14662,7141,453
Adolfo Wade,17925,18677,2013,19015,493
Sophia Jacobson,18815,3258,14696,3826,1640
Mitchell Rowland,18786,14128,1892,14208,539
Kaeden Ayala,19864,8742,14977,8753,969
Roy Haley,24952,29324,8747,23203,682
Leah Rios,19738,2627,17484,2007,5208
Judah Wu,16859,15683,642,16136,539
Marco Hill,17604,10944,15608,8879,476
Cael Bray,25532,32937,22847,29054,940
Myla Gentry,17857,5862,16709,5420,590
Jaydan Stout,21218,20885,2346,20553,843
Jaydin Zhang,6459,12390,229,12906,797
Yaretzi Higgins,18918,26891,9545,26874,390
Haylee Greene,22710,1118,19302,1067,757
Jadiel Le,21241,14627,8323,15275,676
Carla Bridges,19038,7233,16193,7027,814
Thalia Preston,20713,23541,8564,21092,1233
Malia Pena,21465,4307,17386,4256,579
Kaitlin Johnson,20163,18597,17220,18522,585
Mya Richards,19962,10853,8558,11174,424
Lizbeth Sanford,18872,26880,4187,27121,533
Justus Marquez,21172,3051,8707,2896,487
Jaden Shepherd,22595,17667,10658,16268,539
Rishi Boone,21063,9229,17163,8856,435
Rihanna Hood,21522,22784,19491,22945,487
Precious Woodward,21402,5713,390,5581,401
Jovan Bonilla,22469,20358,18625,20759,556
Kayden Frazier,22239,12505,17679,12327,418
Lucy Villanueva,21729,26054,2455,25767,544
Keyon Lara,441,470,9074,499,522
Malcolm Estes,476,13554,19101,13572,418
Kadin Leonard,808,7250,18379,6860,510
Matthias Cabrera,969,21080,19210,21339,613
Griffin Cooley,1187,3017,18442,3195,447
Roderick Wiley,229,16652,631,16652,642
Abbie Faulkner,1646,12533,19469,12654,321
Paul Cochran,1657,22658,18838,22876,390
Nathaniel Herring,1898,1801,18488,1829,304
Harry Bright,2151,14071,18975,14260,556
Lola Griffin,2426,7990,19377,8019,659
Abdullah Hobbs,2707,12998,20272,12998,372
Marianna Mcfarland,3241,4680,20392,4755,395
Rashad Chung,2891,20507,20501,20989,1026
Zechariah Rocha,2220,10474,9287,10738,275
Hudson Mathis,3309,25520,19744,25377,493
Alejandra Church,3631,149,23570,195,412
Joey Sutton,4634,13939,2896,14403,516
Byron Chen,3883,7256,20295,7325,625
Dillon Short,3470,20031,5065,20013,504
Demarion Cameron,5093,4680,20323,4382,493
Zara Shaw,4210,16159,5047,16216,298
Weston Acevedo,4508,10302,22491,11426,315
Troy Holt,4721,23386,10692,23335,436
Sherlyn Keith,5145,2409,10549,2391,424
Nathalia Larsen,4829,14690,20381,14661,361
Benjamin Foster,5369,7663,20449,7841,550
Isiah Noble,5231,22079,10681,22302,499
Amber Ingram,5925,4187,11357,4210,390
Adalyn Manning,6023,12734,11180,12809,361
Gemma Ferguson,5897,11994,22027,12442,659
Edward Krueger,6636,25893,24528,27832,590
Shiloh Forbes,6969,631,25061,654,562
Kendrick Osborne,7371,14438,5942,13870,682
Jada Bradley,7497,6418,23920,6464,642
Ryann Brady,6774,19566,21993,19583,367
Derek Gallegos,8874,3057,23214,3086,476
Rolando Torres,7818,16216,5805,16250,493
Shelby Dominguez,8266,9539,23197,9700,630
Maia Herman,7939,25761,24752,25997,498
Jamal Hanna,8403,2191,23186,2196,516
Reuben Cox,8070,14753,25073,14696,768
Addisyn Roman,8977,6218,6946,6000,372
Kaleb Black,8627,22819,25997,22113,545
Ronald Webb,7153,4898,849,4640,464
Nathan Reyes,8782,18321,7021,17908,401
Marin Gill,9998,12505,24763,11954,521
Luis Knapp,9298,25681,23971,25715,659
Alena Gay,11036,1709,25245,1738,453
Harper Webster,11226,14271,894,14134,619
Julien Erickson,10250,7841,24803,7916,579
Soren Ochoa,9860,20834,12883,20914,470
Jadon Rosario,10726,4537,13009,4445,510
Tucker Hartman,11748,17335,24413,17346,516
Gina Andersen,10405,10210,23547,10468,636
Tara Donaldson,11323,24264,24992,24884,613
Justine Levine,11793,2523,24660,2541,539
Rylee Moore,11312,16136,24591,15516,458
Hailey Clark,11283,8271,24281,8271,544
Shea Gardner,11759,23249,25807,24505,630
Kamren Schneider,12820,6051,8266,5765,447
Nasir Bird,11960,18597,24769,18488,390
Hazel Solis,12201,13359,3671,12746,1072
Jakob Tate,12378,26960,1829,28635,602
Brett Holloway,13704,785,27058,762,510
Anabella Rodgers,13359,19245,7067,16107,562
Gage Mclean,13480,6803,25578,7021,631
Santiago Petty,14369,19503,7141,19956,516
Finnegan Fischer,13778,3355,25245,3384,470
Kyle Franklin,14140,16394,26037,16405,556
Gregory Sanders,15017,9941,14598,9505,711
Keon Banks,14851,23702,28997,25532,665
Kenyon Grant,15436,1732,14484,1726,596
Lilliana Spence,15379,15935,5042,14593,567
Emma Rosales,15511,7916,14048,7744,544
Landyn Odonnell,16268,23794,15350,21453,665
Kai Decker,15849,4778,14512,4847,487
Carsen Rogers,15832,17937,7359,18207,608
Jake Carrillo,15946,12694,16887,11948,774
Augustus Conrad,16698,25474,15642,25279,504
Seamus Kane,16663,1531,14868,1239,447
Nicolas Richmond,15688,14713,3969,15270,424
Madalynn Francis,16417,7244,14862,7130,424
Ishaan Villarreal,16274,19928,1950,20100,487
Jenny Howard,19790,4325,15619,4221,487
Nataly Duncan,17553,17289,15430,18809,567
Raymond Irwin,16480,10537,7451,10176,476
Daniela Hughes,16996,26496,16354,23639,481
Andrew Marshall,18046,2678,8455,2564,608
Jovani Lamb,17535,15642,15516,15912,504
Aryan Bean,17564,8908,15401,8799,458
Karissa Strickland,17369,22354,1273,22721,533
Hannah Vega,17874,6126,1084,5455,567
Kael Berry,18373,19652,18218,19176,590
Emelia Brown,18315,11638,15895,11266,619
Alvin Chambers,20736,25876,16939,25142,476
Jaiden Swanson,19142,768,2225,642,527
Michael Nelson,18568,13761,8076,13457,539
Dwayne Barr,18390,6103,15889,6069,785
Tamara Valencia,20272,21321,1175,21993,757
Mollie Villa,18688,3826,1078,3539,464
Davin Harvey,19239,18786,17834,18711,619
Randy Armstrong,19130,9981,16199,10394,533
Brogan Chavez,18878,24958,16233,24516,711
Bridget Nixon,19222,1669,8070,1594,550
Ahmad Li,20604,15373,4227,15757,458
Maxim Joseph,19663,8443,16296,8346,487
Neil Fuentes,20450,22268,16686,21602,453
Krista Rich,19893,5369,4118,5237,648
Kaitlyn Dyer,20455,19021,17122,18597,521
Ahmed Hogan,20593,10767,17461,10887,533
Rayan Mendoza,20828,25997,17426,26031,585
Nylah Mcdonald,21103,1514,11111,1864,476
Valeria Adkins,20656,13744,16469,14071,671
Brandon Stanley,20897,6562,2225,6155,527
Tiffany Henry,20673,21763,17799,21918,504
Andre Phelps,23375,5042,18654,4439,716
Aniya Bishop,21981,17696,18011,18052,648
Dawson Yang,18063,10681,338,10503,533
Trevin Ballard,21459,24557,17449,24517,550
Jamir Bradshaw,22434,3005,17834,3023,608
Abigayle Hicks,22463,16750,19354,17203,459
Marissa Bowen,22882,9522,18109,9596,516
Danika Jarvis,21820,23065,18499,22394,556
Miley Warner,21700,6235,1221,5736,533
Abdiel Richardson,23031,16658,19624,16658,435
Raquel Mueller,22893,12637,17765,12602,562
Korbin Ross,23111,27935,9338,26358,682
Chandler Diaz,407,338,18402,378,470
Amy Huang,390,14140,20254,13939,544
Bryant Nicholson,321,8753,8971,7824,837
Emmy Cole,636,20065,18327,20151,591
Leila Riley,252,2988,4342,2948,539
Kenna Arnold,785,16635,18746,16159,671
Adriana Pacheco,837,9281,4732,9614,481
Danica Green,1021,23163,18774,22681,487
Fernando Holder,1141,1606,20753,2070,533
Memphis Russo,1055,14426,4726,14180,504
Steve Robinson,1187,7594,4749,7503,585
Rocco Dudley,1342,21425,18843,21023,435
Jordyn Mahoney,1686,4738,10158,4893,585
Jasper Anthony,1743,18665,19692,18201,613
Carley Leach,2019,10898,18849,10973,699
Matteo Robertson,1485,25744,6092,26490,590
Edith Jensen,2391,969,4715,917,527
Jasmine Andrews,1984,14294,19572,13881,631
Daisy Aguilar,2053,6906,19033,7107,562
Paola Gutierrez,2082,21402,20725,20369,481
Kymani Boyle,2787,3929,19543,4067,607
Antony Valenzuela,2655,18040,1325,18264,418
Laylah Hale,2753,11088,10376,10979,739
Joslyn Todd,2088,24758,2627,25836,487
Jonathan Barajas,2718,2305,19675,2374,390
Destinee Kerr,3017,15901,11484,18109,682
Talia Warren,2558,9178,2592,8260,705
Kevin Fuller,3114,24952,21493,23163,768
Shyanne Pennington,3114,5501,9889,5357,395
Keith Jefferson,3390,20312,20713,19474,579
Tyson Jennings,3183,11392,19222,11478,435
Matias Fowler,3631,28893,21912,26685,699
Callum May,3567,682,20426,659,659
Tyler Pruitt,3533,13095,5059,12803,527
Lennon Murillo,4290,6470,10411,6482,585
Mario Schroeder,3545,20903,5311,21906,705
Estrella Brewer,4485,3545,23392,3665,734
Adelyn Patterson,4113,18029,11306,17122,464
Ryder Clay,4262,11449,23438,10319,539
Fabian Owens,3929,23163,10216,22549,567
Maci Gonzales,5168,2099,23576,2403,739
Joanna Sherman,4950,15493,5518,15832,596
Javon Kent,10801,9321,22813,10543,716
Quentin Rivas,4474,22096,11082,21201,608
Mekhi Mason,4881,4904,20719,4967,567
Natalia Cain,5443,18872,27104,18304,527
Greta Wilkins,3654,11598,1330,11719,619
Milton Petersen,5868,28612,13124,28010,745
Braedon Strong,7308,980,12132,986,550
Myah Hahn,5048,14690,12172,14243,476
Khalil Simon,4967,7984,5397,7204,699
Kaydence Campbell,5529,24132,23341,21608,585
Haylie Vance,7095,4187,2742,4956,550
Adrien Weeks,5426,18516,3562,19428,1187
Conor Whitaker,5134,10285,1405,10003,688
Scott Suarez,5489,24929,11180,23960,481
Katrina Farrell,9195,2931,31538,3321,659
Willow Frederick,5587,14920,10571,14897,321
Daniel Garrison,6000,9109,12797,9298,636
Kaia Hayes,6355,23203,23272,22882,585
Cristopher Gibbs,6235,5937,22727,6539,544
Elisha Copeland,6017,18889,27138,18677,579
Delilah Mcguire,5983,12006,12028,11593,510
Lucia Mcdowell,6493,26524,23931,27247,866
Teagan Blanchard,6849,487,23128,1009,504
Cristian Hendrix,7680,14082,24373,14071,762
Jaiden Ellison,6797,6751,22583,6648,745
Delaney Mccoy,6746,22652,23323,19658,636
Cayden Mccarty,6946,3229,22205,3241,676
Samir Perry,6952,15757,5592,15906,476
Harper Woods,9074,9046,246,9074,653
Noe Clarke,6877,23536,22589,22836,349
Simone Luna,7336,1864,5736,1818,453
Vaughn Frank,7032,14145,22744,14455,516
Adan Medina,7428,9338,11816,9332,545
Gordon Hess,7554,21373,23937,24103,762
Jazlene Monroe,7984,4841,23874,5013,825
Jordyn Morse,7600,18230,11788,17948,510
Russell Avery,9378,12247,24798,11191,527
Rey Montes,7864,24763,6223,25067,562
Gretchen Figueroa,8191,1267,26805,1445,722
Itzel Allen,7904,13445,22434,13325,573
Keely Melton,7910,7112,22721,7078,774
Rylie Marks,8105,20518,25314,20352,556
Kingston Weiss,9074,4021,1600,4778,682
Trace Bautista,9149,16887,22864,16686,556
Adalynn Gomez,10141,11225,24149,11168,590
Mayra Jacobs,8535,24453,12333,24115,682
Vicente Morales,10440,2655,13193,3401,625
Annabella Gibson,10583,19222,24671,16359,785
Luciana Travis,9074,8644,6132,8489,636
Olivia Singh,8621,24970,12069,21757,464
Yadiel Schmidt,9074,5271,11684,5805,326
Jayson David,9384,19801,24757,20432,631
Omari White,7939,11914,3642,12333,1457
Naomi Walter,9160,25515,6177,25394,430
Dallas Clements,9900,797,13400,849,711
Mariyah Goodwin,10440,13790,26272,15201,774
Kobe Benton,10095,6774,23754,8329,820
Isaias Porter,9694,19795,12172,20811,579
Jaida Salinas,10319,3900,6654,3803,671
Claire Mccullough,9923,16360,24625,18270,671
Mark Owen,10107,9723,23782,9877,493
Logan Orozco,10721,24700,6694,24161,745
Nathanael James,10623,2300,24058,2707,430
Porter Hardin,10881,15241,12751,14977,590
Brisa Weaver,10009,8174,866,7927,619
Kaylyn Calhoun,10812,23065,25801,21838,654
Omar Ayers,10514,4973,24362,4961,831
Kasey Ray,10778,18281,3241,18424,384
Nicole Meza,10640,11111,13015,11082,441
Jaylen Brooks,11357,25773,25452,25727,631
Josiah Zimmerman,12946,1531,126,1434,522
Felipe Cooper,11099,14587,25188,13537,711
Brian Ponce,10956,7439,12705,7153,596
Perla Allison,11116,20427,24287,20392,407
Valerie Wolfe,10772,4279,504,4009,482
Alissa Moses,11931,18757,6894,18161,476
Autumn Patel,11914,10554,13245,10457,516
Cash Frost,11862,24086,25584,24144,688
Ireland Mccormick,11856,3005,12918,2942,642
Sterling Vang,11765,15608,1680,15688,562
Braeden Archer,11879,9195,24907,9000,642
Bella Bryant,11954,21683,25119,21786,447
Tyrese Bennett,12183,5833,24430,5787,533
Tatiana Rivers,12189,18832,13204,19205,567
Jillian Estrada,12958,12591,26019,12631,590
Gunnar Robbins,12476,26146,14845,25727,573
Gustavo Garrett,12964,372,26352,361,653
Danielle Parks,13113,12591,13371,12430,596
Kash Kemp,13141,6332,25480,6309,453
Lilia Day,13067,19268,25440,19778,556
Kyleigh Flowers,14770,3223,27327,3407,648
Dominique Beck,13348,15797,25601,15734,567
Ricky Horne,13480,9614,13669,9642,711
Skylar York,16205,22893,355,23627,544
Anna Cisneros,15774,1738,28486,1818,831
Jessie Cortez,14180,14375,26037,14438,550
Serena Bush,13985,7669,25480,7635,441
Quincy Keller,13761,20983,26811,20822,498
Josephine Lee,14994,4847,14208,4801,619
Adeline Oconnell,15195,21000,29444,18551,527
Katelynn Stevens,14862,11380,7055,11266,545
Yair Coleman,14593,26725,27792,25102,453
Salvatore Humphrey,14920,1158,14088,1101,504
Jorden Valdez,14971,13612,958,13807,481
Natasha Burnett,14793,6946,13658,6809,418
Eduardo Bates,15832,20507,14185,21086,711
Brynlee Underwood,15992,3843,2288,3522,711
Ainsley Velasquez,15625,17621,1933,17794,499
Melany Berg,15488,12017,14610,10617,613
Zain Cardenas,15092,23455,14495,23243,424
Amani Fitzpatrick,16554,2564,15086,2478,590
Giovanna Molina,15608,15367,7182,16285,734
Catherine Burns,15350,8420,14082,8271,665
Brenton Walters,16296,22268,1927,22199,590
Cassandra Bass,15602,5346,14168,5265,728
Areli Morrow,16503,19595,7594,19681,487
Donna Shelton,18677,11770,5260,12051,613
Kylan Lozano,17151,26949,15826,25933,728
Brielle Bruce,16268,648,15235,659,659
Lauryn Hanson,16256,15017,15178,13967,659
Margaret Evans,16704,6751,15206,6694,430
Anabelle Fitzgerald,16681,21063,16474,22228,642
Ramon Freeman,16165,3631,14432,3539,504
Alan Maddox,16726,17036,15172,20702,596
Konner Harrison,16440,10050,14633,9705,808
Jayden Cordova,16967,24052,15470,24494,785
Kirsten Singleton,16790,2036,3745,1870,699
Salma Tanner,16606,14759,1967,14604,613
Savannah Mata,16704,8203,15034,11742,831
Yareli Page,16486,21683,7394,21310,470
Pranav Savage,17358,5030,3762,4692,401
Kyan Kaufman,18769,18981,7795,18574,711
Sullivan Zuniga,109,11421,97,11288,619
Jaelyn Butler,18270,27218,16400,26467,757
Ronan Lang,17186,1451,15304,1439,487
Abagail Ewing,18763,143,15746,154,349
Markus Marsh,17243,7434,7623,7262,539
Frankie Glenn,17685,21304,14977,20157,585
Helen Joyce,17283,4227,9006,4543,1009
Shyla Hodge,17335,17335,15476,17249,458
Giovanni Miranda,17306,10755,3917,10256,762
Alexia Aguirre,18866,26490,16445,26553,556
Monserrat Giles,18252,2896,7829,2776,453
Makaila Koch,18447,16509,4090,16600,355
Dixie Meyer,17828,8822,7749,8678,631
Javier Mendez,20708,22784,8082,22870,676
Kaden Pratt,18121,5931,7801,5816,533
Lisa Farmer,17960,19107,15832,19973,642
Hayley Riddle,17633,12172,3958,12097,625
Ian George,17971,26163,15734,25847,608
Jaelynn Mayer,18534,458,8025,401,619
Alisha Rollins,18654,12837,8065,12700,395
Rhys Barry,18229,6418,15488,6332,602
Arthur Madden,19050,20346,8151,19933,470
Tyrell Barrera,18476,3321,15545,3344,584
Shaylee Delgado,19113,16388,15987,16159,602
Jayden Olson,19325,9952,4227,9636,763
Brendan Bradford,19881,23358,16331,23386,705
Micah Moran,18883,1864,8168,1795,522
Riley Perkins,18585,14530,2128,14518,504
Brooks Holland,18631,7841,8019,7652,631
Esperanza Morrison,18872,22503,8053,21390,688
Levi Watts,19021,4893,590,4531,556
Derrick Conway,18878,17880,16153,17857,728
Ashley Rivera,19411,11839,8271,11684,453
Van Chase,20432,26031,17323,26507,665
Eileen Holmes,19876,1399,8237,1193,665
Andrea Douglas,19555,13853,8352,13847,596
Violet Cummings,20151,7732,16933,7652,619
Elias Beltran,19377,22515,16457,21614,688
Dillan Mcdaniel,19572,4176,8340,3998,499
Jairo Fox,20719,17730,17025,17765,699
Toby Hines,19268,10382,16176,10623,630
Reed Sellers,20025,24172,8587,24058,470
Aiyana Neal,20461,4726,8552,4583,585
Makayla Merritt,20122,15740,17329,15528,418
Ezequiel Soto,19050,8581,2128,8340,562
August Hudson,20363,22899,8742,22687,533
Makenzie Nguyen,20467,5810,8558,5564,447
Maximilian Skinner,19629,18849,2202,19554,648
Halle Shaffer,19761,12040,8243,11592,648
Pierce Doyle,19928,28262,16899,25537,510
Katelyn Boyer,21407,854,18373,860,625
Damien Riggs,22996,13291,8478,13904,636
Alondra Anderson,20708,6292,17076,6223,424
Kian Mcintyre,20277,20472,4279,20897,734
Joe Goodman,26215,3998,18425,6854,734
Abbey Townsend,20817,13136,2552,12883,407
Priscilla Heath,21528,10451,18098,10250,642
Kaila Padilla,21247,23874,4399,24362,585
Deven Ortega,20662,2111,8656,2036,544
Victor Hopkins,20656,18838,8736,15063,613
Adyson King,21551,7784,17409,7698,516
Solomon Wiggins,20191,23547,608,22188,539
Helena Knight,20644,4915,17036,4766,665
Todd Lin,20645,18419,8742,18264,579
Kinsley Reed,21075,12711,5489,11638,837
Dalia Powers,21081,25446,8960,25974,602
Ernesto Stafford,21218,1577,4411,1474,625
Angelique Christian,21826,15011,17908,14059,619
Kristian Hunt,21494,7870,17295,7749,883
Gianna Hodges,21820,21838,8868,21356,694
Raphael Pearson,22560,4732,9877,4525,596
Beckham Rubio,21482,17455,8828,17501,573
Cesar Thornton,22211,10921,2380,10635,642
Gabriela Velazquez,23146,37194,2483,36568,1187
Layton Parrish,23295,2994,4543,2805,740
Maribel Donovan,29106,19296,18746,16325,602
Myles Good,23484,9522,18264,15574,648
Gerardo Williamson,28469,30075,740,30494,969
Aspen Davies,24270,6854,18775,6332,671
Howard Cross,21832,19268,18407,18992,533
Rhianna Bender,22320,12728,18006,13457,785
Denise Roberts,22721,29249,9768,27316,596
Frank Cantrell,332,390,19050,338,625
Kyla Brock,338,13709,20272,13308,963
Norah Ashley,332,6000,17908,6126,430
Javion Villegas,785,22652,2627,24413,1153
Aracely Mejia,590,3459,9539,3797,504
Karlee Hays,596,16750,18522,16830,539
Aaden Gross,567,51,19107,80,332
Shayla Parsons,567,23180,9407,24201,671
Jewel Carey,665,1646,18436,1715,573
Courtney Barber,705,15086,17954,17461,447
Marlee Wise,189,7715,390,7554,556
Shayna Dixon,780,21631,18878,21809,648
Giana Shields,774,4606,2357,4445,653
Brylee Chandler,883,18746,19228,18419,780
Kameron Castro,986,11334,18723,11208,562
Johanna Chapman,1021,25492,19010,25285,544
Kathryn Kennedy,1130,871,9419,923,504
India Davila,1055,15138,21419,14300,757
Lesly Cervantes,1141,6832,17983,6837,585
Anton Stevenson,1153,23472,4944,21763,499
Jaquan Nunez,1313,3762,9568,3808,516
Jazmyn Sanchez,1428,17811,9654,17415,590
Walter Ali,1267,9797,18000,9751,522
Janelle Willis,1107,25044,1348,24838,734
Kate Carney,1497,2265,19245,2375,544
Heath Burgess,1428,16641,10812,14977,608
Blaze Paul,1520,8753,9201,8472,602
Maddison Walls,1652,22836,2529,22492,476
Maggie Ritter,1778,5265,9654,5369,378
Brynn Ferrell,1755,18769,19922,19193,757
Orlando Snow,1566,11461,4634,11575,567
Kasey Russell,2093,27843,11679,27161,671
Blake Golden,1835,395,9436,372,619
Jacqueline Choi,1973,13520,19354,13440,602
Turner Wilkerson,1795,6287,734,6143,550
Quinton Pineda,1795,21167,10331,19365,550
Kiersten Tran,1904,3424,1262,3286,728
Damarion Peck,1967,16818,4967,16560,711
Jackson Macias,2242,10090,10090,9769,665
Ana Burch,2266,23805,20495,24035,590
Fletcher Fleming,2254,1927,18499,2042,476
Taniya Schwartz,2191,14243,4755,14254,590
Maleah Ford,2552,8266,21161,8202,453
Charity Ramsey,2374,21614,9814,21562,688
Maverick Holden,2495,4938,9648,4944,499
Colt Crosby,2386,18901,19996,18602,665
Gia Best,2460,11214,18671,11403,774
Avery Combs,2678,26037,20237,26696,545
Desiree Dodson,2587,1227,9596,1250,510
Quinten Carter,2633,13170,18981,13216,619
Bridger Whitney,2546,7210,722,7067,608
Trent Arellano,2822,20811,19916,21339,613
Giuliana Kramer,2873,4061,9614,4141,711
Morgan Eaton,2925,17845,21132,18029,562
Kelly Obrien,2942,10434,9918,10526,539
Malaki Herrera,3183,26800,22159,24964,493
Kamari Christensen,3441,2701,10118,2667,573
Quintin Dawson,3000,15396,9671,14845,688
Chaim Rhodes,3114,8627,9757,8604,590
Deandre Walker,2948,22503,1359,22503,510
Kendra Baker,3281,5673,20128,5747,585
Owen Martin,3160,20312,9877,18602,923
Ryland Buckley,3286,11977,19624,11954,430
Jade Reid,3453,26518,10445,26524,596
Yusuf Wright,3963,458,688,390,286
Patience Simmons,3390,13291,2747,16113,522
Riley Rojas,3516,6258,10411,6281,544
Princess Waters,4893,20587,1388,20145,711
Rose English,3631,3195,20392,3315,573
Haven Barker,5019,18172,26283,19629,774
Liliana Edwards,3676,9751,19767,9774,636
Ivy Durham,3722,23249,20048,23002,613
Izabella Bentley,3808,1921,22589,1881,596
Maliyah Wheeler,4548,14575,2707,15619,476
Lyric Sparks,4061,7692,5162,7623,630
Luke Duke,3963,21396,20570,21149,694
Branden Ware,4049,4680,5007,4600,590
Ayden Espinoza,4078,18516,20937,18350,395
Coby Castaneda,4267,11489,21287,12137,757
Simon Watson,3969,25526,5352,24901,562
Seth Gregory,4284,1175,20610,1198,458
Allie Hancock,4583,13916,10738,14627,447
Junior Mooney,4285,7009,10291,7021,539
Yasmine Cooke,4376,19904,20019,19778,384
Jason Cohen,4462,4032,20398,4130,659
Darwin Mayo,4875,17616,23799,17478,676
Phoenix Bernard,4325,9900,19847,10009,533
Lilah Stephenson,4439,26226,5501,25429,711
Dangelo Hoover,4818,2650,20759,2615,590
Macie Mercer,4611,15281,10663,15252,642
Devin Caldwell,4680,8644,21534,8742,665
Aileen Craig,4726,21797,10967,21717,516
Leonardo House,4772,5524,10474,5409,659
Gavin Abbott,4646,18367,20381,18327,602
Jack Woodard,3436,12138,734,12126,648
Darryl Friedman,4847,25268,21058,25027,562
Renee Spencer,5156,969,4130,774,562
Logan Harmon,4961,13566,21786,13319,630
Laurel Daniels,5529,6631,20656,7153,728
Marely Browning,5277,20059,21883,20122,499
Brycen Carroll,5243,3556,21012,3935,843
Jovanny Payne,6757,18034,5862,19968,522
Susan Key,5065,9711,10738,9654,630
Noelle Horton,5105,23593,21384,23128,390
Trevon Small,5248,2093,10841,2105,458
Giancarlo Whitehead,4732,14673,1370,14673,780
Adriel Landry,5736,8948,24023,8816,636
Dominic Esparza,5415,21757,21906,21643,619
Livia Miles,5420,5030,10514,4996,556
Ruth Buck,5461,18436,21419,18608,510
Caitlyn Mann,5472,11283,10847,11168,722
Amya Taylor,5787,27815,5850,26828,625
Sarahi Cobb,5621,1531,21545,1514,470
Jaydon Duarte,5816,14501,23094,14340,711
Axel Roberson,6631,6900,5604,6889,584
Giada Saunders,5483,21006,2856,20925,682
Alannah Mcintosh,5919,5334,5632,5214,596
Landin Dean,6550,17690,21941,17421,602
Gianni Leblanc,5896,10325,10744,10279,722
Raina Lane,6046,25044,23461,27184,722
Carly Kelley,6315,2845,11874,2891,751
Cassie Pierce,6648,16881,6160,19658,860
Adrian Lewis,7434,8277,26025,7921,728
Deacon Hatfield,6493,23272,22004,25061,613
Christine Levy,6097,5919,11225,5873,699
Larry Dickerson,6206,19543,23467,19216,722
Heidy Vaughn,5719,12183,2879,12453,659
Alma Mora,6418,25939,11753,25928,453
Mylee Barrett,6499,355,22423,327,527
Karsyn Bond,6395,12746,21620,12769,436
Charlie Brennan,7244,7009,21878,6619,825
Deangelo Reynolds,6780,19732,5696,19394,608
Jacob Poole,6659,3200,5638,3063,590
Corbin Wallace,6264,16061,2799,16067,590
Emerson Cruz,6527,10629,22193,9310,636
Braiden Barton,6654,23140,22538,23243,688
Angel Arroyo,7078,1680,23547,1623,631
Preston Charles,6625,13939,21356,14323,613
Arely Sandoval,7181,8065,2954,7503,504
Marlon Navarro,7078,21838,12298,22360,1302
Sam Atkinson,6923,4617,21683,4629,487
Lilly Huynh,7084,17501,21906,17472,585
Sarah Novak,6751,10652,5678,10703,556
Jamie Frey,7445,27924,23742,25291,619
Easton Lawrence,8047,1261,13669,1170,602
Sasha Wong,6287,13388,785,13365,573
Cole Khan,7296,7067,23805,6866,768
Ernest Stokes,6912,19933,1491,20100,608
Lia Callahan,7566,4979,23639,4250,934
Martin Huffman,7359,17323,5896,17140,527
Hallie Gates,7623,9975,11902,10239,694
Shamar Blevins,7411,24321,26398,24304,636
Kamden Salas,7709,2438,2937,2271,556
Rylee Orr,7353,15040,3304,15528,590
Humberto Dalton,7382,8231,22428,8277,636
Lauren Mcmahon,9218,22463,6929,23214,797
Irvin Bell,7571,5317,22469,5340,665
Lilyana Simpson,7307,18597,1571,18820,608
Damaris Jones,7686,11925,22733,11994,711
Andy Hampton,8627,26289,23805,26708,780
Zaniyah Newton,7841,688,22503,711,367
Gary Oneill,7927,12665,11489,12637,659
Leyla Norman,7973,7044,11610,6424,699
Tanya Maldonado,7755,19532,11667,19503,590
Paityn Harrell,8179,4084,22457,3774,642
Paloma Moyer,7875,16050,11627,15964,550
Penelope Colon,7887,9499,22440,9533,447
Jayla Winters,8707,24081,1841,24700,762
Blaine Jackson,8277,1973,22979,1979,665
Milo Park,8541,14759,12069,15126,607
Emilio Werner,8243,7853,5897,7990,567
Rayna Jimenez,8352,21511,24006,21608,498
Brady Ramirez,8392,4451,11529,4445,636
Lena Farley,8988,18562,23994,19119,757
Dayana Burke,8340,11082,22744,11111,636
Monica Reilly,8426,25061,6080,25268,516
Lamont Beasley,10055,1462,23254,1393,636
Miracle Hayden,8747,14185,12149,13996,625
Calvin Wall,9143,8816,3000,7067,722
Ashlyn Odom,9235,22354,25050,24987,682
Bobby Oconnor,8874,4571,11845,4348,785
Aliyah Grimes,10853,20272,29192,20449,751
Dustin Mckee,9114,10893,12378,11914,613
Romeo Duffy,8914,24884,12224,24608,527
Xander Bullock,8885,4198,23610,2793,378
Charlee Mcmillan,9166,15510,24081,15482,774
Clarissa Santiago,8879,8753,5919,8661,705
Meredith Henderson,9281,22836,24012,23725,458
Alana Pugh,9441,4577,12378,4577,602
Mathew Foley,9677,19583,24408,19497,659
Wade Mccall,9006,11805,22933,11862,562
Harrison Cook,9212,25859,23639,25578,596
London Sawyer,9694,562,6407,447,642
Julia Norton,9436,13073,12384,12987,510
Nayeli Mitchell,9631,6321,12051,6264,464
Lilian Huber,9918,19818,24230,19904,608
Freddy Love,10136,3332,27677,3826,745
Landon Watkins,9430,15895,843,16199,636
Melanie Peterson,9751,9459,12683,9705,676
Alijah Vincent,9791,26111,1703,28802,407
Dayami Vazquez,9763,1893,1703,1709,602
Tobias Montgomery,10073,14168,25366,14472,653
Ezekiel Rush,9763,7709,12051,7646,579
Emilia Griffith,10268,21121,24121,21207,625
Kamila Benitez,10445,4921,23926,4939,544
Reagan Tucker,10004,18356,3240,20042,648
Yurem Mcknight,10262,10692,15654,10658,418
Reilly Beard,10096,25079,24723,24849,527
Zavier Potter,10038,1204,14673,1227,413
Steven Rasmussen,10216,13681,12459,13336,665
Karina Conner,10428,7204,24304,7256,464
Moses Contreras,10457,21121,24654,21006,596
Londyn Blackwell,10554,4113,24235,4135,688
Luciano Hurst,10445,17381,24190,17403,854
Dale Rose,10176,9963,6166,10308,631
Kolten Reeves,10686,24212,13124,23891,837
Ben Collins,10749,2575,24442,2650,590
Julie Fisher,10841,15642,24482,15832,550
Aylin Hendricks,11019,8472,24517,8535,499
Dalton Kidd,10744,22537,12832,22205,717
Juliet Berger,11013,5673,24356,5736,562
Walker Shah,10847,18975,3212,18470,676
Lucille Proctor,10738,11885,6401,11931,711
Braden Gordon,11271,26576,15212,26329,900
Eliza Turner,11856,935,4130,825,631
Marques Huerta,11415,14013,25939,14805,688
Ruby Guerrero,11266,6849,24545,7009,504
Madisyn Matthews,11828,20564,13617,20530,481
Kailey Barnett,11524,3774,24947,3768,579
Louis Miller,12992,25205,15344,30035,1227
Skyla Avila,11472,10009,25021,10015,676
Kenya Blake,11598,23822,25343,24161,797
Lyric Lopez,12069,2300,13050,2225,653
Chace Pittman,11449,14879,3378,16096,705
Lance Lloyd,12321,8971,25979,8845,803
Damon Mcneil,12528,27276,8713,23071,952
Natalee Carr,12487,5162,27321,5145,533
Elsa Oneal,11564,18511,12935,18109,608
Carlie Logan,14690,11656,26123,11633,866
Travis Cunningham,12166,24895,25595,25021,619
Briley Ellis,13015,1457,14013,1411,785
Jamarcus Guerra,14466,15419,25836,14409,716
Michaela Hurley,12212,8122,26346,7818,751
Annie Andrade,13795,22658,27270,22681,642
Yesenia Wilcox,11616,4634,917,4101,395
Ada Randall,12585,17421,26014,17220,481
Claudia Haynes,12097,11294,24981,10709,774
Harley Delacruz,12264,24333,25274,25033,642
Cameron Thomas,12493,2742,6665,2564,757
Isabell Alexander,12097,15396,25371,15499,722
Jeremiah Rodriguez,13497,9866,16732,9476,722
Jaslene Mosley,13715,25543,27287,23472,785
Juliana Mcpherson,12843,92331,25555,6258,694
Dax Sexton,12654,19027,6659,19027,757
Aiden Cherry,13354,11254,27304,11346,889
Charlie Elliott,13072,25997,13497,26117,843
Saniyah Sullivan,13204,355,13554,327,487
Michelle Roach,13698,13130,13612,13468,665
Shannon Mckenzie,12866,6252,13354,6172,613
Ariella Byrd,15298,21080,27385,21832,659
Samuel Velez,14042,3837,3522,2977,573
Cierra Lyons,12918,16228,13405,15946,717
Ethen Little,13709,9350,25945,10182,516
Eva Benson,14696,23019,25675,22486,533
Sierra Coffey,13250,1772,25291,1738,562
Hector Weber,12866,14260,1279,15189,820
Colin Meyers,13474,7778,26713,7738,831
Adison Hernandez,14340,20323,27740,20484,556
Miya Welch,17266,6745,3745,4537,539
Maximo Atkins,14409,18488,27287,18252,768
Dahlia Hebert,13612,10979,26111,11116,596
Uriah Myers,18579,27809,26908,24184,533
Sara Davidson,16130,1175,18482,1170,682
Summer Curtis,17203,16755,27763,14145,940
Rhett Pollard,13927,6935,13417,6837,636
Philip Ball,13744,20409,25893,19910,568
Emery Johnston,13990,3981,25698,4164,682
Brennan Macdonald,16021,16761,13606,16870,728
Royce Case,14329,10979,28165,10268,585
Mara West,14954,25687,1950,24792,562
Elena Floyd,14547,2535,26266,2449,699
Jayce Harper,16325,15774,27998,17432,722
Kyler Norris,15017,9201,14444,9000,722
Kennedy Trujillo,14725,23226,3602,23191,883
Camryn Stein,15964,5351,7881,5323,814
Jazlyn Buchanan,14839,18952,28159,18866,585
Azul Nichols,15677,12264,17054,13078,573
Kendall Collier,16147,26266,27562,26209,791
Mariam Carpenter,16440,728,28153,774,544
George Hall,16291,13486,14828,13950,883
Marisol Lynn,15057,7864,14082,6533,556
Zaire Morgan,14541,19641,6883,19532,487
Ava Morton,15562,3877,4434,4055,665
Aydin Melendez,15763,17587,8489,17799,671
Ray Ibarra,14931,9717,7021,9717,504
Anderson Boyd,15941,26048,14971,24293,671
Scarlett Cuevas,15120,2082,13956,2128,522
Rayne Bartlett,15688,14598,15786,14621,694
Bradyn Bauer,16044,8105,13996,7944,860
Colten Schmitt,15212,21734,7193,21516,739
Lorelai Horn,15327,5059,14088,4956,757
Reyna Leon,15184,18488,7176,20312,734
Abigail Randolph,16210,9441,7462,9614,522
Brodie Summers,15470,25125,3636,24620,608
Casey Scott,15402,1411,3636,1302,671
Kierra Becker,16096,17088,15459,14140,975
Darien Everett,15298,7193,14053,7090,608
Issac Schultz,16612,20570,3648,22520,619
Gabriella Harding,15298,4135,14008,4061,665
Amira Young,15086,20105,344,22021,1416
Tyshawn Fritz,15545,10566,7331,10663,562
Dominick Baldwin,16715,24557,16291,24218,728
Dean Stanton,15591,2816,7199,2690,585
Alexzander Clayton,18350,17409,15390,16405,636
Hana Ortiz,15413,8719,14065,8650,797
Octavio Quinn,15212,21775,7107,21826,453
Kylie Branch,18803,6206,14748,5994,791
Kaiya Vaughan,16428,19945,3740,19342,585
Stephanie Mullen,15820,12212,17363,12138,648
Armando Washington,15832,28658,1061,27786,556
Amiyah Solomon,16945,1382,2065,1439,636
Kira Campos,16342,13182,14616,13084,843
Keagan Mcclain,16136,6677,7290,6321,625
Camren Alvarez,16382,21448,14811,19755,854
Kaylynn Livingston,16491,3619,7554,3298,711
Alexandra Palmer,17696,16623,7784,18436,636
Breanna Sampson,15849,9470,3699,9189,659
Alonzo Kirk,16629,24356,15511,24029,487
Emmanuel Oliver,19262,2151,7732,2185,814
Ally Price,16377,14432,3762,14191,504
Faith Middleton,16084,7807,7394,7726,665
Sylvia Davenport,16268,21929,14920,21121,648
Taylor Valentine,16055,4743,1893,4565,481
Lila Vargas,16084,18619,998,19583,745
Xiomara Klein,16147,10939,14822,12034,464
Izayah Salazar,16176,24408,7709,24190,579
Salvador Gould,16577,1210,15029,1221,579
Kasen Kirby,16767,14512,7526,14553,544
Reece Shea,16514,7377,3785,7290,682
Jaylee Compton,17650,21419,15591,21625,779
Jeffrey Williams,17834,4193,1049,3958,573
Carlo Barron,16646,17208,15029,16939,768
Christopher Osborn,18098,11208,7703,10250,906
Jamiya Glass,17042,24826,16354,24448,665
Callie Peters,16738,2546,7537,2415,745
Francisco Haney,16411,15706,14575,14794,585
Neveah Steele,16434,8575,3877,8352,447
Izabelle Galloway,16681,22090,15103,21843,705
Paulina Casey,16824,5564,14759,5512,556
Aedan Roth,17289,19348,7910,19165,539
Darrell Liu,17340,11862,7692,11788,705
Marcelo Cannon,17134,25956,15533,25824,413
Ashanti Brandt,17415,275,7784,235,504
Nikolas Bolton,16876,13009,15143,13130,619
Alani Olsen,17283,7399,3906,7113,636
Audrey Pitts,18069,21505,4067,21425,648
Arianna Potts,17312,3745,1996,3413,590
Vance Bowman,17208,16486,15591,16096,602
Marcus Kim,18224,10176,9269,10130,522
Jazmin Gaines,17811,24184,16147,24471,613
Sincere Stephens,17449,2369,2908,3504,573
Julianne Castillo,17725,15218,15723,15166,630
Martha Lam,17954,10239,8816,8593,527
Josie Harrington,17954,24591,16015,21975,590
Eden Johns,17191,5059,7440,4887,596
Kali Howell,18643,18992,16222,19004,688
Alyson Booker,18235,11547,15975,11421,544
Noel Murray,17180,25343,3963,25004,378
Jagger Bailey,20599,1611,15906,1577,717
Kamora Dennis,19641,14444,7847,15878,596
Kyra Dickson,17656,7503,15270,7669,630
Phillip Daugherty,17616,20461,15258,21442,573
Vincent Sloan,17438,4554,3940,4130,613
Nigel Malone,17811,18402,17765,17501,504
Karly Long,18006,10881,15665,10979,550
Jair Gallagher,18178,24872,16142,24786,671
Jared Nolan,18505,3034,4084,2885,636
Mathias Adams,18665,16136,16210,17512,688
Reid Hoffman,17891,9137,7778,9000,573
Patrick Gilmore,18235,22308,15556,22073,441
Jocelyn Flores,18252,6034,15551,5988,573
Jonah Ryan,18493,20180,2219,21390,533
Duncan Hull,17966,12201,7898,12809,676
Janiyah Houston,19268,28188,17593,26524,745
Jadyn Howe,18935,407,16285,390,533
Grayson Tyler,17891,12625,2099,12430,533
Jean Waller,18338,6413,636,6103,545
Davon Booth,18820,20639,16589,20117,682
Liberty Stark,18379,3223,4015,2965,705
River Arias,18511,16354,16549,16663,556
Chelsea Burton,22101,9809,15660,9338,837
Rosemary Baird,18281,22750,15843,22635,556
Jimena Lynch,18992,1864,16291,1915,636
Clara Duran,18740,14392,8013,14369,780
Nehemiah Mclaughlin,19073,7893,7847,7571,487
Skyler Robles,18792,21694,2105,23123,625
Ryan Moon,19715,4778,7893,4657,481
Brent Juarez,20966,17495,15889,17426,682
Anastasia Powell,19646,11254,4147,11139,722
Ashton Moreno,19124,26318,16709,26536,625
Jovany Nielsen,19251,1164,4141,1015,510
Dominique Curry,18780,14203,16423,13084,677
Muhammad Carson,18918,7170,16296,7164,584
Cailyn Hubbard,19474,21052,16526,20541,871
Chaya Nash,18723,3923,4055,3654,751
Atticus Dunlap,19715,17730,16704,17524,659
Braelyn Chang,19818,10486,15912,10038,659
Avah Chan,20100,25119,17082,25256,676
Mckayla Daniel,19715,2501,8191,2564,636
Valentino Richard,18270,14954,4003,14593,516
Zaiden Hooper,18379,8438,15998,8312,407
Nia Lindsey,19027,22807,8076,22457,516
Marina Stone,19251,5667,4158,5311,567
Paige Maynard,18734,18344,15820,18058,579
Kamron Crane,19423,12149,16841,11942,544
Khloe Serrano,19537,25991,8661,26702,986
Jaylynn Romero,19664,768,4325,659,493
Harley Deleon,19199,15275,18843,13118,740
Oscar Austin,18763,6573,15832,6424,556
Kaylin Dorsey,20731,20599,17960,21362,797
Leslie Thompson,19033,3573,1118,3281,648
Nash Santos,19457,16268,2088,16216,504
Carter Garner,19176,10187,16893,9723,716
Dana Glover,19222,23146,8260,23128,642
Milagros Lucero,19658,2133,8374,2139,613
Hayden Sims,18872,14415,4003,14317,527
Cullen Chaney,20616,8323,16554,8931,556
Makhi Trevino,20231,21786,4371,21878,533
Mateo Michael,21057,5363,4279,4864,739
Wyatt Lowe,22566,209966,96697,23495,711
Emily Mack,21350,13256,9155,11696,768
Vanessa Hammond,19440,24947,18906,25251,711
Zaria Reese,19434,1434,8351,1342,372
Haleigh Gonzalez,19818,14977,16446,14363,728
Maeve Maxwell,20283,8185,16463,7474,487
Bryan Santana,19428,20375,4153,20295,544
Roselyn Yu,18453,4629,206,4330,676
Allen Cowan,20421,18115,17191,17891,487
Skylar Flynn,19905,11369,18143,10520,711
Cora Hinton,19727,24104,16893,24218,642
Darren Vasquez,19859,2982,2317,2627,739
Stephen Spears,20157,15987,4405,15786,751
Justice Graham,22239,10560,17105,9522,653
Brock Martinez,19973,22629,17358,22732,631
Boston Parker,21826,5707,16778,5655,1766
Leonel Terry,19876,19899,8478,19101,711
Edwin Frye,19727,12464,16463,12023,694
Ariel Wang,20329,26794,1193,26667,579
Rory Fry,20186,533,16836,539,608
Ronin Jenkins,20702,12964,8363,12803,619
Henry Moody,19996,6344,4181,6000,573
Hamza Hensley,19962,19681,17099,19497,699
Melvin Mcgee,22824,3573,17426,3585,740
Jaime Finley,22010,18522,18149,17031,998
Wilson Smith,19985,9476,2128,9264,533
Celeste Mckay,24207,24316,9005,23771,814
Antoine Braun,21694,1996,22102,2116,716
Bailey Stuart,21872,14386,4285,16836,510
Luna Gilbert,21224,8277,18574,7985,780
Esmeralda Walsh,20409,25153,1279,23014,929
Carl Mckinney,20845,4715,8661,6143,923
Joseph Crawford,21608,26754,18000,20530,671
Jakayla Larson,23943,12247,17690,11484,785
Francis Morris,20587,24568,8719,26163,653
Cheyenne Bryan,21316,1227,18419,1015,998
Casey Perez,21373,15327,10141,13583,843
Kane Sheppard,20702,7354,4285,7061,522
James Guzman,25016,23776,20243,22715,980
Miguel Gamble,22165,4181,9183,4342,648
Kiley Fernandez,21086,17478,18040,17753,883
Marshall Bowers,21201,10623,17220,10491,533
Marilyn Silva,21677,25784,4686,25285,608
Emilee Escobar,20937,2730,17621,2678,642
Ashtyn Mills,21241,15505,8856,15402,590
Presley Pace,21115,8839,4457,8380,665
Rodrigo Mathews,20874,22205,17300,22113,499
Fisher Calderon,20495,5518,16818,5455,476
Angelina Lucas,23541,20690,9298,19612,751
Deborah Wells,21184,12711,1175,12465,665
Caden Dougherty,22050,26134,17719,25870,694
Chloe Wilkinson,21258,877,1262,814,808
Teagan Ruiz,21023,13807,4371,13055,504
Brayan Gray,22572,6849,19675,6734,699
Amir Hart,22084,20329,9166,20317,573
Karla Shepard,21430,3917,4416,3567,522
Erik Patrick,21195,16600,8822,19406,831
Bria Costa,21040,9728,17272,9625,659
Allan Blackburn,22526,23513,18212,24035,544
Jessie Roy,22079,2328,9155,2317,665
Mason Marsh,21757,15241,17759,15103,654
Magdalena Gentry,21832,8696,17794,8529,516
Shayna Simon,21299,21964,4491,22067,648
Ethen Malone,21293,5294,17352,5174,544
Crystal Mills,22251,18562,8897,18367,499
Laci Oconnell,21206,11667,17140,11524,671
Kody Rosales,22618,26117,18476,26926,1026
Britney Gonzales,21327,1462,17490,1468,636
Joyce Greer,22600,14524,8983,14535,481
Kieran Carson,21992,7778,17690,7830,848
Valerie Mahoney,21425,20507,9304,20679,648
Karly Pena,22279,4583,8897,4422,602
Patricia Medina,21178,17122,17214,17065,458
Jared Stein,23346,11151,4663,10904,739
Mila Reid,22354,25096,18425,25004,740
Jacob Ray,22274,3114,9201,3023,722
Ashley Wade,22256,16147,2374,15964,556
Deacon Santiago,22744,9287,5793,9183,780
Brielle Crane,23650,22417,18012,22302,745
Alberto Huynh,23364,5937,9287,5833,619
Fletcher Combs,22337,19406,17610,18797,648
Jaxson Schmitt,22216,12849,4652,12579,676
Tiffany French,22010,26220,18144,26111,487
Thalia Wang,447,240,2271,275,435
Tristen Mclean,258,13187,9057,12700,470
Taliyah Tyler,240,5839,2254,5776,613
Alexander Cobb,326,21327,18694,21247,533
Derek Ruiz,338,2994,9195,3086,579
Lindsay Spence,332,16365,4468,17266,636
Lauryn Drake,395,9166,17920,9143,613
Jensen Francis,413,23323,9562,22968,642
Octavio Hardy,458,1479,17742,1674,493
Hailey Welch,1193,14874,1193,14977,768
Edith Flynn,487,8030,18803,7612,659
Mariela Richard,476,23421,5242,21711,573
Maren Holmes,602,4503,9281,4629,493
Travis Doyle,590,19985,18683,17707,648
Leah Conner,653,10956,18063,11449,631
Harold Merritt,562,24608,4703,24522,579
Ramon West,567,929,1147,866,481
Lilianna Aguirre,693,13681,18688,13468,642
Aidyn Branch,711,6040,18293,6097,590
Blaze Holland,826,22056,11254,20960,831
Kathy Mcgee,728,3768,9069,3820,533
Regan Solis,676,16962,4548,16784,613
Hudson Reese,791,9860,18224,10061,734
Jean Roberts,820,26501,12321,25383,682
Melvin English,848,2191,9206,2283,619
Ashtyn Buchanan,917,16073,21023,15579,722
Walter Lozano,826,8088,8713,8007,533
Alexia Greene,969,25125,19985,23461,619
Randall Baker,946,5197,18166,5380,619
Kade Coleman,952,19572,9401,18895,596
Kyleigh Hodges,992,11879,9201,11782,722
Kaylin Perkins,946,26553,4858,25784,642
Sylvia Wilcox,986,590,2403,567,745
Charlize Brady,1055,13256,18728,14564,871
Ronan Houston,1061,6355,9040,6407,625
Kyla Campos,1158,20209,18729,19853,688
Tyrone Chung,1164,3229,9057,3321,539
Aron Avila,1227,18321,20220,17736,590
Leonardo Wilson,2156,10078,631,9642,728
Jose Byrd,1290,24270,21224,24735,653
Xzavier Marks,1181,1795,17880,1910,344
Makena Mays,1267,15189,9568,15671,464
Kiley Hughes,1365,8042,18815,8099,843
April Miles,1290,22583,19233,22084,544
Pierre Pacheco,1279,4686,8965,4692,464
Mekhi Compton,1405,18792,19497,18115,676
Madeline Stone,1227,11449,2489,11203,470
Abigail Freeman,1468,26404,20558,25641,556
Denise Ayers,1451,1204,18780,1239,573
Dallas Shepherd,1445,13778,4600,13595,671
Josephine Browning,1520,7990,20690,7692,699
Adison Baird,1491,20088,19537,19905,441
Louis Scott,1560,4072,9407,4325,745
Phoenix Jensen,1462,17260,18620,16985,499
Phoenix Mcintyre,1560,10210,18287,10279,596
Jefferson Sutton,1468,24712,2540,24654,671
Reed Glenn,2575,2690,19474,2690,625
Terrell Reilly,1680,15505,9390,15356,389
Jaxon Cameron,1761,8954,19233,9034,745
Aleena Weeks,1411,22606,1244,22830,367
Stephanie Shannon,1709,5655,4743,5570,699
Cristopher Jimenez,1726,19256,19164,19721,447
Kane Newman,1812,12338,18981,12315,521
Erik Harrell,1806,25727,19480,26174,820
Skye Stanley,1755,418,2317,355,550
Amaris Gilmore,1870,12958,19669,12860,464
Lucy Sparks,1801,6155,5139,6120,631
Gustavo Love,1933,20232,19537,19698,676
Raelynn Fuller,1938,3103,18637,3252,631
Sherlyn Lowe,1973,15895,9367,15901,533
Enzo Mooney,1875,9287,4686,9218,814
Wendy Hanna,2007,22916,19216,22515,309
Kiana Aguilar,2156,1766,22732,2099,940
Nikhil Bruce,1950,14294,9447,14495,413
Maleah Mccall,2225,8088,10910,8346,533
Bradyn Huang,2133,21528,20140,21373,768
Joel Ferguson,2214,4686,18941,4870,527
Fernando Sloan,2059,17811,4772,18872,556
Brenda Massey,2156,10738,18832,10830,631
Makaila Serrano,2214,24935,9883,26731,447
Kael Washington,2449,1158,2432,1049,476
Luciana White,2168,13629,1279,13549,682
Killian House,2351,6992,10279,7371,854
Arturo Cortez,2357,21166,19830,21000,476
Zaire Hubbard,2472,3854,19675,4531,556
Anthony James,2426,17805,10795,17989,906
Sariah Baxter,2363,10153,19509,10222,590
Taryn Walsh,2386,23639,4950,24344,556
Kaiya Ford,2524,2409,19434,2524,567
Jaeden Guerrero,2919,16141,10147,15568,762
Emilee Austin,2403,8472,19119,8541,734
Regina Lane,2632,22962,20140,22216,774
Kaiden Bauer,2575,5460,19285,5518,522
Barbara Wood,1738,18803,384,18855,499
Guadalupe Mcmillan,2523,11736,9849,11627,556
Areli Ware,2546,26995,5197,26765,596
Stephany Blankenship,2730,791,19623,791,711
Nora Tucker,2535,12946,2483,12883,470
Sophie Chan,2638,6505,9889,6585,487
Baron Cantrell,2701,20054,19709,19859,470
Arabella Fisher,2891,3355,20025,3504,579
Sincere Harrison,2719,16560,11099,16692,820
Marc Singh,2936,10078,5156,10021,407
Bradley Logan,2839,25750,10979,24138,946
Zaniyah Robinson,2741,2065,4663,2042,435
Jayvon Cantu,3160,15637,20610,15189,579
Beckett Maynard,2879,8030,19250,8156,602
Landon Rowe,2879,23828,6137,21648,699
Lorelai Hunt,2908,4984,19354,5047,762
Oswaldo Nash,2816,17794,9682,18321,636
Clinton Juarez,2902,11627,20799,11713,877
Nyasia Snow,2770,24952,2569,25233,424
Phoebe Avery,3017,1497,19543,1445,665
Dixie Callahan,3028,13990,19606,13990,705
Jacqueline Charles,3206,7612,19738,7657,717
Rayna Clark,3097,21040,20105,21625,694
Alex Duncan,3235,3831,22033,3934,533
Kendall Stafford,3045,17908,2558,18149,699
Hailee Spencer,3000,10302,5024,10428,665
Keshawn Galvan,3286,24666,21327,24545,694
Eileen Gray,3252,2873,20450,3132,814
Talia Lawrence,3183,15367,9814,15172,665
Estrella Porter,3143,8776,4887,8684,630
Lawrence Adams,3304,23140,20679,22692,780
Adrian Stephenson,3321,2908,2569,2805,499
Lilliana Phillips,3315,19818,12344,19440,671
Tate Shah,3223,12407,4973,12671,487
Leyla Gould,3573,26731,22027,29444,774
Corbin Bradley,3510,223,20002,200,636
Seth Dodson,3418,12734,10394,12757,676
Krista Daugherty,3785,6596,22033,6654,797
Mark Pugh,4072,20708,10979,21815,739
Oliver Peters,3476,3045,9878,3057,447
Alice Dougherty,3682,16945,25710,16709,401
Mackenzie Lowery,3619,9728,20696,9493,762
Emerson Nielsen,3590,22807,20163,22601,728
Ronnie Leon,3745,1778,10795,1772,694
Jamie Burke,3728,15000,20472,14759,631
Allen Frye,5575,7858,20782,7852,631
Freddy Richardson,3470,20644,2552,20633,659
Katie Decker,3929,4589,20719,4841,550
Rohan Mann,3625,17530,10055,17438,493
Athena Ellis,3768,10876,20426,10933,625
Kailey Nichols,3906,26409,5357,25756,665
Alonso Jefferson,3900,963,10526,929,476
Leonidas Boyd,3728,13314,19818,13279,699
Anabella Johnston,4244,6854,20805,6946,665
Jorden Paul,3866,20478,5271,20736,487
Beckham Odonnell,4095,4026,21884,4038,734
Carolyn Vance,3711,16922,2839,17226,653
Scarlet Jenkins,3843,9883,10210,9855,636
Cayden Cooper,4107,24419,20386,23501,688
Mira Zavala,80,2214,68,2202,418
Salvador Delacruz,4032,15327,20805,16543,665
Karla Gonzalez,4004,8960,10290,8644,481
Keon Bailey,4049,22383,21533,22268,734
Sebastian Guzman,4061,5185,19704,5271,430
Ben Mercado,4078,18717,11071,19233,619
Kelly Mullins,4112,13755,20851,11937,608
Dashawn Page,3935,25641,11065,25796,493
Marvin Hancock,4285,648,22486,676,424
Isaac Wallace,4101,12430,2558,12487,602
Jacquelyn Stevens,4158,6482,2684,6522,585
Chance Ashley,4078,19830,20576,20082,613
Myla Conway,4342,3424,20208,3470,441
Uriel Roy,4055,17495,5133,16491,653
Jagger Rich,4824,9717,10635,10181,728
Juan Gamble,4273,23644,20868,23381,481
Cherish Stokes,4371,2047,5048,1904,751
Deandre Price,4302,15178,10520,14444,653
Brenden Hoover,4290,7761,10072,7767,579
Brayan Barrett,4279,21694,21344,21849,556
Elsa Schaefer,4881,4715,9975,4732,516
Ezequiel Carney,4250,18092,20478,17851,619
Sonia Hogan,5265,12040,21884,13457,630
Braxton Woodward,9883,32542,1571,32163,831
Rashad Barber,6447,1382,21832,1416,642
Kristina Buckley,4829,14277,10445,14300,1439
Aimee Sampson,4675,6757,5403,6648,481
Aylin Richards,4445,22400,5317,21579,476
Alanna Vaughan,4732,3011,2667,2787,539
Hezekiah Benitez,4428,18901,21901,16956,608
Ahmad Atkins,4812,9837,21035,10147,413
Daniela Russell,4617,24608,11845,24884,613
Amaya Collier,4881,2684,21316,2690,418
Valentina Allison,4537,15763,20277,15000,504
Jamir Young,3441,9011,286,9011,717
Dayami Gill,4657,22451,20926,22124,642
Mohamed Baldwin,4927,6189,20851,5805,430
Jasmin Melton,5025,19916,11116,20082,682
Jaylene Burnett,4830,12493,23341,13520,499
Abbie Pineda,4824,21608,5455,20306,315
Serenity Hicks,5065,470,11094,499,499
Paris Floyd,4657,12665,20369,12482,355
Caden Williams,4967,6160,739,6114,762
Alma Macias,4961,20392,11042,20145,521
Desirae Berg,5111,3292,21098,4044,653
Vivian Norman,4864,16027,20421,16314,619
Akira Rowland,5076,9378,5455,9143,550
Emelia Riggs,5013,23008,10652,22979,556
Gillian Hensley,5024,1818,10331,1847,745
Randy Deleon,5105,14730,21551,14794,590
Jayson Hayden,5420,8111,22549,8770,659
Leticia Crosby,5082,21121,20805,20977,630
Fabian Barr,5076,4554,20449,4881,573
Antwan Murray,5478,26375,21832,19916,527
Wade Owen,14558,11237,10812,12189,728
Melina Villegas,7038,26128,2868,31102,883
Cooper Watkins,6160,1221,5529,1594,751
Kirsten Fritz,5443,14472,24809,14059,1382
Madeleine Kirby,5311,6946,21121,7067,424
Frida Sawyer,5231,19887,24344,19830,699
Ann Mendoza,5495,3768,21310,3843,602
Nathalia Suarez,8053,19692,5782,17490,435
Lillianna Nicholson,5288,10428,10950,10589,659
Ellen Kemp,5787,24660,23777,23776,665
Marley Maxwell,5690,2552,21293,2604,625
Reese Nixon,5644,15505,5351,16279,550
Ralph Middleton,5501,8770,11501,9212,688
Curtis Hurst,5701,23759,23323,25824,522
Jillian Goodwin,6040,5937,28205,5690,619
Cedric Henson,5449,19796,25681,26151,826
Houston Perry,5380,11610,20576,12499,510
Dale Barron,5650,25624,21448,25285,556
Rodney Vincent,5541,848,763,739,407
Reginald Hendricks,5868,15522,11306,13784,757
Norah Manning,5466,6476,10440,6470,413
Alani Dickson,7187,20553,22950,20949,699
Carlie Foster,6046,3619,21029,3625,791
Kristin Beard,6791,17788,21866,17054,1680
Maverick Hansen,5742,9929,21195,9763,504
Celeste Nunez,6080,23260,5730,24511,757
Kaylie Archer,6436,2397,21918,2294,934
Jolie Burton,5782,15373,21889,15143,458
Kelton Pearson,6109,8828,5610,8512,590
Mariana Hamilton,6625,22985,23100,24734,556
Rory Fernandez,6149,5461,21407,5202,705
Aryan Monroe,6195,20811,11868,22245,676
Makhi Villanueva,5569,11575,1434,12057,510
Maxwell Chaney,5960,29891,24396,27603,688
Justus Salas,6137,1497,5552,1422,522
Lola Arellano,6086,14816,22314,15482,608
Natalie Randolph,5770,7268,5311,7147,413
Clarence Humphrey,6178,23398,23352,22446,1003
Xavier Durham,6877,4353,11701,4973,378
Adriel Crawford,6195,17730,22899,17748,579
Chandler Stout,6849,11627,1468,10893,740
Cyrus Prince,5965,24620,11535,24207,504
Chaz Odom,6281,2868,5403,2724,814
Jamison Dyer,6223,16308,22130,17294,688
Grant Duke,6155,12958,21832,9872,1112
Caitlyn Mcpherson,6654,23639,11713,24614,866
Christopher Flowers,6172,5799,21298,5856,676
Justine Lin,6568,21459,12992,20754,705
Joslyn Dennis,6579,16939,25365,12769,539
Olivia Reeves,7227,25388,2925,25320,499
Emery Morton,7933,217,12900,195,1003
Marcos Cuevas,6441,13078,11489,12700,464
Tristin Whitaker,6418,6017,2805,5931,2414
Seamus Norton,6269,20272,5753,20908,590
Nigel Patton,6631,3086,11702,4916,458
Dominique Wu,6143,15866,378,15946,596
Wilson Armstrong,7371,8983,24838,9178,533
Kennedy Lynn,6539,22773,11398,24442,791
Ashlynn Fields,7124,1646,13480,1663,550
Sophia Allen,6533,14736,23014,15017,585
Hugo Guerra,6476,7491,23163,7491,699
Jessie Bray,6917,21821,23954,23742,774
Cason Holt,6711,4594,11650,4525,751
Colten Yang,7973,19446,464,18482,619
Cory Patterson,6516,10623,11380,10560,395
Jaylin Herman,10181,26943,23346,25801,1175
Shawn Bentley,7709,1026,24006,1049,607
Bailey Brandt,6464,13130,10898,12803,476
Joshua Palmer,6900,7422,6132,6854,585
Carley Noble,6613,20243,11311,21270,728
Nathaly Rollins,6654,5352,3120,3527,378
Cornelius Lucas,6935,16985,22067,16457,481
Maximo Obrien,6860,11518,11495,10130,768
Noelle Hendrix,6671,23822,21964,25704,435
Lucas Lamb,6871,2501,11139,2288,734
Kaia Moses,7141,17444,12109,17151,562
Trent Rivas,7434,8283,5524,8380,550
Dorian Morrison,6877,21826,22922,22262,625
Grady Case,6900,6373,21390,5174,671
Cael Skinner,8782,19090,1571,19727,797
Gilbert Nelson,6682,11134,11071,11162,711
Serena Johnson,6975,26547,22451,25779,625
Brice Lopez,7067,590,9442,556,642
Princess Bates,6918,12998,23031,12677,613
Sierra Hutchinson,7491,6453,11564,6321,487
Gina Haley,7193,20094,24276,19698,734
Aniyah Macdonald,7921,3505,14065,3699,785
Angelica Craig,7313,16663,23134,17817,693
Iyana Mccoy,6946,9338,21648,9384,544
Madalynn Shepard,8334,23645,3063,24574,522
Leia Acevedo,7445,2007,23329,1967,607
Isiah Hays,8673,16004,11415,14799,539
Tatiana Hartman,7090,7772,11197,7663,453
Madilyn Contreras,8243,21568,30454,21706,504
Kaley Benson,8145,4956,22836,4898,493
Bryson Davila,7170,17685,22377,17742,745
Aiden Lawson,7835,13497,12074,12499,711
Juliana Shelton,7336,25778,2988,26243,653
Ireland Kramer,7503,1267,11506,1370,602
Ishaan Gallegos,7239,13394,21872,13296,522
Santos Ochoa,7353,7067,5656,6952,510
Michael Knapp,7548,22560,24063,22061,545
Riley Bradford,7485,4199,21958,4147,550
Davin Harding,9832,20444,12160,17702,699
Carina Hernandez,7457,10216,22371,10244,768
Aydin Huber,9109,27023,12413,25698,527
Kayla Jacobson,7824,2879,11707,2799,487
Adriana Christian,8145,15608,24058,15419,676
Gordon Keith,9510,8581,11409,8765,768
Asa Bradshaw,7847,22997,24195,23117,562
Giancarlo Lyons,7772,5633,11742,5638,872
Layne Parrish,7646,19583,5793,19004,676
Caiden Haney,8575,12166,24620,12120,728
Shirley Liu,7778,26409,12304,27930,579
Anderson Ewing,8076,602,24385,550,533
Lillian Mayo,7583,12436,11524,12390,556
Annika Russo,7835,6080,6481,5988,579
Anton Walters,7772,22859,1491,20633,458
Sydney Roberson,7927,3263,11644,3562,665
Milo Walls,8455,16004,2873,15981,550
Landen Lester,7881,9189,22721,9493,631
Brisa Chapman,8105,22905,22543,22853,780
Elisa Townsend,8168,1761,2873,1640,556
Amelia Sexton,7990,14249,6011,14249,568
Iliana Estes,7784,7548,22297,7577,653
Slade Michael,7898,20765,11690,20673,527
Leland Lynch,8311,5277,22899,4996,705
Annabel Mendez,8048,17977,11965,17639,544
Virginia Oneill,7812,10698,5719,10583,636
Peter Atkinson,7910,24304,23123,24121,493
Kamila Zimmerman,86,1003,57,1043,464
Kenna Moran,8323,13686,12069,13445,728
Ross Blake,8070,6889,22623,6958,567
Amya Robbins,8208,20604,6166,20828,579
Miranda Blackwell,8426,3952,24947,4101,608
Preston Woods,7485,16423,722,17054,579
Kale Roth,8334,10159,11948,10095,499
Alexus Osborn,9246,24035,24792,24298,585
Felicity Dillon,8501,2466,23679,2850,602
Avah Santana,8432,15166,5937,15487,539
Jaylee Howe,8466,8816,23065,8667,711
Dane Larson,8323,21757,11828,21671,682
Marilyn Gomez,8696,5541,23553,5633,510
Livia Wagner,8220,19032,3023,20541,556
Aleah Leonard,8690,12470,12447,12143,607
Rosemary Holden,8696,27339,23828,25951,717
Devyn Hammond,8994,820,22979,751,590
Logan Rodgers,8432,12986,5977,13009,579
Dalia Haas,8466,6424,23071,6533,567
Charlie Gay,8598,20570,23340,20180,912
Helen Webster,8759,3504,1617,3327,567
Stella Smith,8478,16273,5942,16233,579
Will Long,8438,9373,22801,9516,252
Yadiel Hatfield,8386,23163,24585,22956,395
Devon Carter,10227,2323,23713,4778,717
Jordan Hess,8765,14759,23105,15155,493
Tess Khan,8592,7893,22388,7973,355
Pablo Swanson,8432,23845,3023,21597,556
Izaiah Franklin,8736,4904,22698,4893,648
Ezra Griffin,8633,17748,22841,17776,567
Kolten Andrews,9069,11334,23427,11725,820
Abbigail Brewer,9166,23174,23983,24281,332
Callum Maldonado,9717,1514,12132,1497,699
Titus Garza,8971,14002,24935,13761,602
Malik Carr,9854,7526,24230,7566,378
Chloe Travis,9200,21935,6459,20868,866
Jesse Velez,9149,4417,3126,4233,550
Riya Ortega,9189,17386,12476,17300,521
Hector Kent,8770,10199,12820,10262,665
Kinsley Andrade,9665,24912,24413,24631,894
Jaylon Watts,9223,2942,3074,2667,562
Kristopher Kidd,9218,15614,23828,15619,837
Jocelynn Moore,9545,10176,25348,9160,625
Katelynn Simmons,9235,22583,12350,22520,544
Marie Preston,9401,5851,25262,5914,487
Raiden Wright,8374,19124,774,19136,579
Payten Trujillo,9178,14352,12946,12080,510
Osvaldo Clements,9023,25824,23283,25245,636
Cristal Bowers,9241,292,12241,327,441
Simeon Bautista,9252,12505,24018,12493,567
Isaiah Daniels,9224,11415,22842,5937,694
Terrance Valentine,9619,19268,3114,19165,395
Rudy Barton,10141,3826,23845,3218,441
Alfonso Carrillo,10285,16709,25710,16623,625
Stacy Espinoza,10876,9596,25302,9579,740
Giselle Norris,9573,24803,6401,23484,831
Donna Lara,9717,1720,12751,1703,613
Yadira Krueger,10744,16675,25337,14392,510
Cristian Chang,9855,9763,25761,8403,504
Darian Roman,9476,21321,6178,21224,659
Aditya Conley,9998,160,33064,137,579
Micheal Haynes,9585,17553,12356,17616,504
Darion Everett,9757,10772,23776,10795,705
Ana Beltran,10394,25824,25452,25572,584
Jaylynn Tapia,9889,1107,3223,998,470
Catalina Gates,9785,13348,24017,13463,797
Erick Mora,9614,6780,11885,6717,717
Adyson Castillo,9929,20868,26536,20507,504
Javon Rocha,10072,3969,12206,3900,642
Esperanza Barry,9866,16830,23811,16543,636
Jayleen Montes,10124,10371,24356,10313,705
Mattie Silva,9987,23874,6292,24195,562
Daniel Powell,10015,2346,12688,4101,516
Adelaide Schultz,11541,14357,6378,14306,390
Vance Frederick,10336,8266,23822,8202,602
Roger Moody,10107,22348,12614,21763,521
Gaige Ferrell,10199,5443,24459,5472,682
Dawson Bernard,10336,21935,25515,19136,791
Anabel Harvey,11587,13267,27666,12562,860
Jadyn Mcclain,10543,26656,13640,26421,648
Josie Brown,10371,717,24350,717,533
Nathanael Salazar,10147,13394,6206,12705,441
Angela Butler,10549,6533,24694,6596,694
Gemma Reed,9923,20002,6401,20754,699
Alexa Rubio,10893,3137,3195,2868,453
Nadia Ali,10405,16755,23788,16078,481
Elena Fleming,10199,9390,24235,9527,625
Jaydon Ramirez,10629,24855,14053,23977,734
Annie Sweeney,11225,2093,3304,2105,619
Keira Li,10268,14633,12442,14604,481
Sawyer Hahn,10376,8036,23931,8977,659
Matilda Terry,10118,21918,1657,21975,556
Janiya Bird,10876,6292,24901,5197,630
Fernanda Sellers,10462,17679,6441,17839,590
Kaylah Barnes,10640,11707,24924,11587,504
Ariella Ross,11128,26203,13331,26352,573
Allie Mcbride,10721,166,13256,166,430
Alessandra Wells,9350,13474,458,13509,567
Gianna Cox,10491,7221,24310,7388,791
Quinten Robertson,10164,20731,6849,20145,705
Grayson Foley,11288,4198,24448,4376,590
Hamza Mcmahon,10514,18729,12637,16950,722
Yamilet Riddle,10273,10072,6717,9998,441
Scott Mcclure,10973,25945,25015,24161,585
Erika Mullen,10887,2977,6350,2724,751
Jamar Mccarthy,13411,20461,29800,21224,814
Tyler Good,11053,8845,12688,8747,590
Natasha Cervantes,11191,24000,26622,22687,539
Libby Orr,12528,6281,16532,6768,2363
Gabriel Delgado,11008,20214,27476,19606,843
Janae Berry,11237,12338,25067,12889,676
Madelyn Dunn,11673,29685,28962,28538,682
Jaqueline Osborne,12074,504,13193,498,648
Neil Strong,10755,12476,6172,12367,453
Nathan Clarke,11420,6998,27425,6344,705
Alaina Rivera,11535,20272,6631,20386,596
Cassandra Bonilla,12533,3361,27522,4290,883
Amiyah Dominguez,11191,16532,13107,16400,585
Isaias Thomas,10801,9487,3258,9195,636
Morgan Davidson,11707,27413,30987,25951,699
Emilio Moyer,12694,2082,13738,1915,917
Nickolas Fischer,11426,14111,24488,14071,487
Raina Stark,13285,8116,7250,7818,946
Heidy Watson,11168,21941,1738,22882,676
Ismael Romero,11306,4778,6550,4554,556
Yasmin Eaton,10910,17340,12585,17186,327
Emmanuel Raymond,11426,11478,13520,11300,694
Cynthia Ortiz,11461,25125,25578,24803,481
Ibrahim Gutierrez,12419,1170,13382,1170,648
John Bush,11851,16010,26834,14753,579
Nathalie Anderson,12011,7686,24385,7067,372
Dereon Booth,11392,20312,24568,20128,596
Weston Lucero,11283,4003,12545,3975,275
Jerimiah Key,11851,18126,26897,17449,699
Zackery Madden,11759,10681,13216,10962,327
Morgan Dean,12080,24970,25589,24425,694
Alicia Parker,11965,2351,6958,2225,332
Lane Levy,11914,15390,26995,15442,717
Cohen Davis,11639,10302,24373,10434,734
Zain Garrison,11386,21442,12682,21476,441
Evangeline Rhodes,11862,5403,12545,5329,464
Reece Pollard,11644,18723,24964,18843,642
Heaven Rice,12866,12923,8432,12683,785
Moriah Ryan,11920,26817,3350,27316,602
Kaydence Cordova,12465,877,25864,866,539
Jermaine Casey,16113,13342,25170,14845,665
Maia Pratt,13807,6837,7113,6625,361
Heidi Arnold,11633,20014,24998,19727,631
Silas Fuentes,12533,3791,26421,3952,648
Lewis Riley,11690,16795,3269,16721,619
Mohammad Campbell,12229,10285,26065,10222,550
Xander Clayton,11581,24568,12815,22864,384
Esmeralda Reynolds,11943,2214,12734,2185,642
Callie Rose,12115,14512,6430,14449,734
Deshawn Hebert,11908,8174,13009,8053,636
Emerson Heath,11954,21419,25515,21316,688
Kason Mcconnell,12172,5283,6533,7216,510
Maddison Ingram,12419,20054,13635,19176,510
Aileen Burgess,12356,12631,25870,11816,906
Abdullah Garner,14243,26759,14770,25434,464
Jabari Webb,12327,1588,1743,1399,585
Ruth Evans,12103,15413,24981,13790,470
Lorena Montgomery,12126,7428,12866,7308,682
Jordyn Hines,12510,21654,28383,21321,636
Rayne Gilbert,13658,4537,25096,4508,722
Katelyn Garcia,13663,17903,25962,18516,556
Ximena Payne,12424,10388,24471,10336,407
Margaret Todd,12728,25308,3430,25107,447
Ryker Moreno,12401,3005,25044,2954,361
Nathaniel Villa,12132,15373,3269,15642,430
Leonard Oliver,12763,8994,13032,8822,630
Lorenzo Conrad,12482,22348,25928,22641,780
Ellis Mathews,12596,6625,13273,5879,521
Nasir Glass,12407,19698,27488,19090,630
Jaylin Cunningham,13830,12522,25520,12522,665
Pierce Bond,12361,25560,25170,27218,430
Ean Schmidt,12671,154,7594,189,579
Saige Gregory,12866,13377,27281,12499,671
Natalee Horton,12717,6023,24952,5983,481
Elle Nguyen,12602,19147,25239,19159,527
Jason Snyder,13520,3200,3671,3860,728
Trenton Mathis,15384,16119,25704,16428,642
Keely Curtis,13124,9287,25360,9688,585
Bailee Padilla,12700,22715,13703,25182,470
Todd Murillo,12889,1652,25056,1629,585
Selina Davies,12964,14031,24935,14352,487
Sarahi Underwood,12855,7640,3418,7342,458
Marquise Valencia,12700,21304,1732,21384,464
Alden Maddox,14002,4789,14507,4738,665
Elliana Mata,12958,17472,13193,17231,602
Allyson Peterson,13440,11185,6958,11076,539
Raquel Krause,13101,24643,27694,24757,539
Natalya Oconnor,12969,923,13227,906,338
Averi Thornton,13308,13526,3436,13359,642
Blaine Farley,13067,6728,25302,6751,562
Lilian Rangel,14197,23203,15115,22927,688
Dana Rasmussen,13864,4279,15390,3803,711
Camren Schroeder,13853,17340,13789,17352,871
Patience Graham,14059,9923,30270,12161,544
Trevor Steele,14254,24103,7187,24769,625
Sloane Escobar,13554,2472,26232,2466,579
Carmen Bender,13514,15270,26117,14954,556
Rylie Hoffman,14748,10887,29696,9275,808
Deegan Murphy,13612,24224,13749,22612,671
Arielle Cole,14162,5449,27207,5489,688
Brodie Newton,13256,18281,13348,18637,573
Zachary Olson,13164,11357,13038,11128,298
Spencer Mccullough,13876,25446,26260,25388,688
Ali Barajas,13910,195,26622,200,487
Levi Trevino,13853,12964,6843,12832,659
Joanna Chavez,14730,6711,28629,6763,659
Gabrielle Pope,13916,21992,7032,21149,711
Reilly Jacobs,14168,3504,13520,3378,539
Rebecca Schwartz,13916,16480,6797,16463,625
Teresa Saunders,13732,9539,13486,9378,447
Rene Camacho,13881,23249,27488,23237,539
Kareem Valdez,14375,1996,7462,1887,573
Dayana Kim,13824,14358,13612,14117,625
Dania Walker,15293,8128,3453,7640,648
Messiah Alvarado,16056,35484,33155,28801,1439
Thaddeus Boyle,16273,4944,26456,5374,447
Andy Patrick,14690,19589,14828,18556,642
Scarlett Warner,15493,11420,1783,13176,590
Jake Farrell,14489,25928,27127,25360,596
Everett Howard,14099,1313,25606,1330,516
Kyler Whitehead,14346,13847,889,13864,722
Micaela Braun,14673,7572,27224,7589,510
Ashlyn Richmond,14673,21419,14214,21253,659
Boston Kerr,14340,4147,29129,4187,780
Iris Huff,14214,16726,25836,16767,671
Rhett Marshall,14851,11266,26817,10497,791
Javion Rosario,15333,26323,7635,25159,785
Kenyon Phelps,14725,2994,26656,2770,642
Armani Wiggins,13015,15935,470,15837,493
Helena Frost,14191,8593,13594,8483,567
Bruno Christensen,14862,22348,27098,23088,671
Tamara Rios,15115,5690,7233,5443,567
Orion Myers,14449,18373,25882,19084,510
Muhammad Pittman,15229,12292,14587,12275,527
Lukas Miranda,16589,29123,29444,28423,866
Leanna Mercer,15430,367,9367,361,590
