Name, MaxHeap Breadth, MinHeap Breadth, MaxHeap Depth, MinHeap Depth, BST
Isabela Patton,20490,49280,17604,30041,13726
Dane Alvarado,768,11776,28905,12120,1204
Myles Mosley,24000,30092,13256,33723,814
Jaqueline Stout,36936,3872,3407,3091,894
Yesenia Mcmillan,14059,15803,13612,17931,309
Daniela Webster,9539,3005,476,1135,223
Steve Chapman,37905,39356,12522,14317,344
Alvaro Rogers,1588,15000,2598,8787,200
Raina Woods,32892,17908,378,9826,499
Rylee Camacho,9636,9832,12562,4371,338
Glenn Shepard,12516,26702,6734,16142,550
Kaia Wiggins,13606,3286,1893,3608,275
Skylar Lowe,14117,13216,8598,11346,1164
Jamarion Kennedy,16727,7778,4313,7646,384
Aisha Vega,13778,14300,998,14048,281
Nyla Mcknight,527,407,2047,424,344
Hadassah Fisher,1216,5776,7772,5478,344
Dakota Roberson,2156,2024,3774,1996,252
Anabella Crosby,2598,9373,4130,8518,292
Kasen Rivera,3894,1720,5048,1732,269
Tania Mills,4250,6183,4371,6028,326
Leo Robles,5300,3717,2363,3556,252
Justus Schmidt,4577,8633,2363,8707,304
Yadira Acevedo,5977,831,9453,849,372
Brody Herman,6711,5690,5048,5661,355
Kaitlynn Leach,7113,3229,5351,3137,315
Miracle Norton,7761,8237,2810,7967,378
Destiny Blackwell,8661,2489,6137,2529,516
Jagger Ho,9080,8587,6665,7537,378
Ramon Hardy,8627,4365,3103,4600,390
Raquel Jimenez,9189,10715,6321,10956,1170
Van Perry,986,218,3424,206,378
Aliyah Lucero,544,9568,3648,9413,321
Summer Walker,206,2793,539,2833,458
Moshe Buck,1571,9740,8805,8099,504
Riya Lester,1858,1382,8208,1508,499
Ellie Ramos,1611,6080,1864,6223,384
Keely Mooney,2506,4296,8317,6998,361
Abigail Benjamin,2724,5742,8392,5386,355
Blake Arroyo,2902,4480,8185,4772,412
Kayden Bailey,3298,5621,8271,5742,407
Arabella Cochran,3671,149,9206,149,338
Desirae Shields,6654,8111,1497,8139,493
Cortez Wolfe,5065,2087,378,1915,321
Kenna Burnett,4858,7004,9235,7262,407
Heather Hamilton,4979,3585,4508,3487,378
Talon Norris,6659,11271,11352,10549,653
Theodore Holder,6585,481,5357,481,407
Dillon Bates,6453,5466,10101,5977,418
Felix Lawrence,10411,3057,2736,2902,338
Riley Orr,14415,20650,10422,23645,613
Marlee Roman,19939,12585,1548,3476,476
Cristian Dawson,13686,14048,5822,12877,487
Clare Bright,17180,8489,11323,7881,424
Kamron Bridges,13336,21688,11323,20289,648
Jonah Baxter,19956,2254,12464,2632,395
Miranda Archer,15780,25727,11466,11908,562
Paisley Whitaker,15792,14524,917,21287,739
Laurel Meyers,9757,12700,9556,23495,665
Addyson Davis,11455,177,12889,172,349
Roger Larson,11151,9694,8472,16451,596
Howard Reese,9166,6160,1480,14530,430
Jorden Barrett,9585,12252,16400,22193,768
Litzy Wilson,137,579,516,1187,424
Jerry Peck,252,8736,6688,11541,1089
Rhett Hall,556,2701,12327,5248,458
Averi Ellison,803,8954,12333,15304,418
Sterling Blanchard,1135,1462,13813,3000,430
Kendal Ruiz,1290,8719,3533,13348,476
Ayla Andrews,1474,4830,10898,7113,430
Reese Nash,1267,8719,1835,10325,470
Kaley Fitzgerald,1869,894,8994,969,516
Araceli Lane,1979,5266,1938,5088,349
Jefferson Giles,2179,3338,7600,3407,315
Zaid Jenkins,2168,7835,7308,7526,229
Carissa Blair,2340,2460,7721,2512,326
Demarion Mcgee,2466,6785,7566,6579,263
Chana Hughes,2713,4382,7761,4468,361
Quinn Dunn,2868,9229,7738,8902,292
Kamryn Petersen,3745,280,2621,263,424
Michelle Hartman,3327,5346,8099,5231,332
Dante Washington,3390,2661,602,2587,298
Dakota Koch,3734,7600,4371,7709,2145
Phoenix Singh,3826,1646,2231,1847,458
Nathanael Monroe,4812,6568,4342,6344,349
Victoria Melton,4267,3923,4571,5220,430
Makenzie Rhodes,5013,9269,4830,9642,631
Cristopher Lynch,5420,602,13061,585,699
Brett Dyer,4950,5650,8948,5690,470
Precious Harmon,5019,5627,4640,3493,458
Juan Atkins,5334,8558,9321,8541,476
Joy Shea,6046,2397,2719,2346,447
Royce Reed,5719,7422,5047,7055,642
Emelia Cain,5960,4898,9505,4910,378
Marlie Velasquez,5042,9889,711,10147,436
Cecilia Conner,6711,1571,12189,1319,963
Keira Wilcox,6430,5237,395,5168,458
Mckinley Bray,6895,3051,10210,2902,579
Antoine Reid,6797,8598,3080,11725,493
Reed Fowler,7038,1898,10772,1726,654
Angelina Rodgers,14277,6963,1611,7267,631
Malachi Ramsey,9877,4520,3585,4279,573
Allen Garrett,7875,9883,8954,9677,923
Lawrence Tran,7864,1032,3321,935,544
Bryanna Miller,6768,6074,5466,5753,412
Elsa Gilbert,6946,3309,2736,3195,476
Lana Conway,7399,8220,6315,8168,464
Camila Hansen,7112,2317,5610,2265,527
Christina Mcneil,7417,7072,5541,7072,384
Lorena Parks,7153,4571,2827,5461,522
Ada Landry,7984,7646,5759,7617,355
Tara Stein,7703,659,1514,590,464
Karina Boyd,7761,5701,6057,6074,493
Roy Waller,8157,3040,871,3114,677
Valentino Spears,7772,7681,3091,7962,384
Jordyn Salas,9441,1892,3218,1806,562
Gavyn Lamb,7910,6682,5770,6625,366
Kaylin Johns,9436,7875,3372,4956,533
Milagros Everett,8925,13073,6774,9981,602
Deborah Henson,8208,1158,3057,1055,384
Lukas Wheeler,9350,6522,522,6120,596
Jazlynn Macias,8684,3556,3246,3407,395
Shayla Arnold,8587,8484,6218,8564,487
Gilberto Randolph,8392,2478,1606,2300,395
Taylor Mata,9522,7296,3241,8179,573
Damaris Bruce,8828,5013,6654,5013,327
Jett Jacobs,8914,9814,3327,9872,407
Jovanni Friedman,378,430,6981,493,533
Jadon Costa,384,5564,9178,5535,349
Perla Barnes,395,2575,7279,2885,906
Lucas Newton,424,8983,6808,7663,504
Shayna Shepherd,338,1342,1611,1319,315
Johnathan Bullock,676,6803,6992,6395,424
Kamden Mccullough,785,3745,3464,3780,321
Adrien Daugherty,774,9797,6889,9493,309
Ayanna Rasmussen,1147,860,3625,447,407
Makaila Hester,946,5971,7032,5988,487
Houston Valdez,2047,3591,998,3275,476
Marley Cardenas,1221,9051,7256,8713,458
Gia Hutchinson,1244,1904,6998,1996,378
Kassandra Boyle,1462,6998,7026,6837,367
Angelique Ball,1479,4554,7072,4583,401
Arnav Leon,1629,10009,7187,9487,384
Alvin Haas,1709,889,7480,969,235
Alexa Gibbs,1841,7147,7445,6785,309
Dominick Michael,1812,2701,3539,2707,327
Jaron Santana,2403,8145,7526,7898,384
Eva Church,1950,1302,7394,1399,327
Vincent Mayer,2128,6757,7531,6441,435
Stephanie Odonnell,2139,3900,1927,3877,349
Keyla Galloway,2374,9573,7531,9028,355
Blaine Phillips,2317,717,3837,682,401
Logan Nicholson,2437,6115,3831,6103,430
Keon Gallagher,2615,3602,3854,3315,464
Dean Gould,2558,8466,1944,8231,355
Noemi Chase,2753,2087,7864,2248,315
Tabitha Klein,3757,10411,8076,7531,430
Mikaela Bolton,4371,8438,11134,8661,699
Erin Allen,3109,10199,8053,9946,435
Ali Hawkins,3166,1325,4032,1279,246
Simon Richmond,3413,9665,4405,6189,527
Hunter Mcdaniel,3258,2615,8220,2696,344
Jabari Mcintosh,3487,7858,8237,7686,309
Junior Salinas,3562,1485,2082,1416,338
Sheldon Gonzales,4221,7267,9608,7279,590
Preston Stanton,3195,3711,1055,3843,418
Ashleigh Ellis,4474,17478,10491,10784,585
Emilia Henry,4118,1382,8702,1147,527
Amanda Bond,3986,5627,8782,5644,309
Lea Gibson,3837,3132,8380,3321,470
Justin Sheppard,4026,8730,4348,8283,435
Derek Frazier,4262,2019,8667,2168,327
Jazlyn Dorsey,4382,7325,8931,7353,441
Lamont Pitts,4411,4543,2242,4457,481
Cooper Miranda,4405,9918,4502,9596,338
Sam Sloan,5053,705,4738,676,344
Memphis Jordan,4669,5569,8891,5679,458
Josephine Cantrell,4772,3154,10394,3223,544
Kaden Maddox,4720,8105,4566,8042,269
Guadalupe Farley,4743,1600,8988,1680,263
Adrienne Weber,5340,7090,361,6476,550
Elisha Lutz,4927,4113,4652,3883,338
Adriel Humphrey,5409,8535,4835,8231,361
Corinne Lyons,5375,1388,4950,1256,436
Josiah Lopez,5501,6499,5036,6149,544
Kayla Hill,5518,3814,5013,3648,458
Haylee Strong,5701,8885,5569,8478,372
Jaxson Ayers,5598,2472,9608,2512,435
Semaj Meyer,5541,7606,4887,7348,413
Akira Hooper,5828,3849,5690,3797,332
Kyson Booth,5925,10428,9717,10090,470
Natalya Buchanan,5914,263,9786,298,384
Jessie Hines,6097,5174,9734,5237,361
Kristopher Weiss,6499,2615,785,2443,481
Alexus Newman,6332,8093,5420,8025,418
Taliyah Beck,6195,1474,9866,1554,361
Sofia Russell,6327,6413,2621,6304,464
Desmond Fletcher,6487,3866,5225,3855,326
Anthony Jackson,6734,9614,10864,9361,510
Julian Harrell,6940,837,2804,803,424
Iris Zavala,6028,6235,149,5988,636
Annabelle Griffith,6814,3986,5518,3516,487
Skyler Gray,6688,8202,5208,8151,453
Delaney Rivers,6711,1996,2719,1887,390
Rylie Malone,6665,6872,5208,6780,390
Emily Sanford,7382,4388,1370,4153,435
Naima Frank,6608,9241,5248,9189,338
Stephany Garcia,6786,567,5489,521,401
Kimora Maxwell,7376,5873,2885,5558,562
Joshua Randall,7325,3097,1462,2805,499
Aaden Callahan,7451,63,5856,68,258
Izaiah Frost,7801,1841,2896,1554,315
Caden George,7497,7239,1479,6946,441
Rosemary Gates,7434,4267,5598,4095,527
Eliana Case,7285,9350,5403,9304,372
Hillary Charles,7503,1181,5713,1153,390
Helena Cruz,7640,6177,5937,6625,567
Karson Lang,7904,3751,5845,3665,453
Benjamin Quinn,7600,8311,1485,8277,453
Sidney Vazquez,7480,2460,797,2179,510
Raphael Morton,8030,8352,3005,7600,401
Julie Boyer,7893,5128,5891,4916,447
Virginia Fritz,7589,10124,5615,9906,407
Olive Noble,7939,453,1554,378,286
Violet Browning,7824,5701,5787,5145,424
Pamela Garner,7956,2936,5954,2805,401
Marvin Love,8088,8243,2994,8053,453
Emely Decker,8587,1485,6315,1359,481
Nayeli Cooley,7984,6654,5822,6447,338
Miles Wade,8013,4239,791,3803,435
Tori Pena,8042,9327,2936,9287,407
Haley Copeland,8449,1072,6831,1072,367
Isabel Zimmerman,97,5879,103,5765,344
Willie Collins,8650,3544,5982,3332,395
Hazel Rocha,8432,9315,6344,8484,355
Frida Sandoval,9740,2306,1743,2001,378
Karlee Dillon,8793,7709,6344,7457,510
Cale Moses,8598,4686,6160,4445,418
Sanai Moyer,8638,10153,3091,10543,481
Madelyn Kirk,8942,762,3275,659,487
Johnathon Byrd,8833,5902,6315,5627,430
Maximus Holt,8948,3298,6361,3126,470
Edgar Raymond,8495,9080,866,9665,412
Karen Castro,9046,2013,6499,1904,390
Ally Brewer,9332,7199,6883,7824,384
Nico Christensen,9797,4600,6854,4342,607
Leonidas Roy,9895,9975,510,9975,384
Brenda Ibarra,9149,1130,6568,1067,332
Felicity Mccarthy,9206,6327,6218,6011,384
Trace Finley,9711,3986,6734,5650,493
Nickolas Berg,9717,9906,6327,9006,602
Alaina Joseph,9642,579,3539,504,315
Kenya Mcdonald,11254,8093,1726,7979,527
Jenna Blevins,9499,5277,6596,5059,372
Gracie Evans,9080,10170,6361,9941,298
Josie Fox,183,183,7153,212,504
Jimmy Colon,229,8805,7480,5374,401
Xander Terry,120,2449,814,2483,390
Camilla Mejia,281,8277,3504,7784,390
Colin Mccann,367,1726,7606,1852,344
Moses Thornton,326,6654,940,6722,447
Jayden Lucas,447,3722,3688,3705,435
Ean Davidson,499,9482,6694,8874,441
Brenden Carr,493,722,7193,808,338
Raelynn Mullen,642,5891,7227,5948,378
Hana Rich,533,3114,1761,2982,367
Roselyn Pace,625,9241,3533,8506,567
Yamilet Massey,636,1835,3281,1858,258
Krish Hendrix,717,7439,3550,7044,550
Bronson Merritt,694,4330,1761,4221,378
Augustus Hess,877,10761,3740,10153,510
Micah Bender,1021,648,7904,665,665
Dayton Chandler,894,5546,7084,5627,424
Garrett Stokes,820,2678,476,2615,344
Giada Simmons,877,8105,986,7887,413
Aylin Fuller,1112,1652,7663,1807,487
Joslyn Huffman,1072,7078,3694,6826,562
Johnny Hancock,1175,4159,7353,4313,407
Yair Fitzpatrick,1147,9619,6935,9051,361
Marcus Faulkner,1525,1101,7772,1135,516
Titus Jacobson,1267,6527,1892,5891,413
Mathias Nelson,1508,3401,3820,3367,464
Tyrese Flores,1359,8971,7514,8816,493
Richard Knox,1393,2202,3768,2191,493
Wesley Ewing,1439,7422,7153,7216,441
Moriah Owens,1434,4721,3740,4634,418
Ari Skinner,1508,10835,3797,10485,424
Taniyah Gardner,1611,327,7755,407,395
Gwendolyn Pugh,1543,5220,2162,5753,366
Lilly Kaufman,1709,2730,7910,2931,412
Audrey Avila,1784,8059,7606,7852,458
Marquise Castillo,1847,1485,7778,1629,550
Messiah Horn,1950,7279,4187,6912,608
Yazmin Oconnor,2002,3872,3900,4778,430
Linda Beasley,1898,10124,7543,9235,504
Reilly Kramer,1944,894,7887,963,464
Damon Mann,1921,9000,7686,6005,321
Alonzo Valencia,2271,3114,1043,3091,292
Haven Bonilla,2093,8489,7491,8277,378
Colt Rose,2065,1870,2030,1795,355
Joe Alvarez,2282,9803,9786,7818,481
Philip Thompson,1479,4537,527,4353,401
Zachary Chang,2208,9998,7462,10663,292
Roland Fields,2300,596,8128,671,613
Sabrina Cervantes,2460,7738,8862,6155,579
Maximo Richardson,2265,2942,1904,2845,481
Efrain Todd,2587,8294,1049,8128,453
Jocelyn Casey,2615,1864,8329,1967,458
Finn Bradford,4118,6809,9069,7061,470
Zachery Calhoun,2523,4640,9625,4847,349
Larry Cortez,2587,10015,7835,11093,499
Nevaeh Freeman,2948,1239,8294,1239,458
Draven Wilkinson,2587,6728,585,7027,728
Mariam Steele,2810,3722,2558,3699,539
Miah Escobar,2942,9579,8174,9832,642
Andres Moran,3068,2214,8484,2535,378
Case Hoover,2868,7061,8070,7239,481
Elisabeth Shah,2770,4807,2076,4738,418
Morgan Morrow,3011,11937,4250,10830,562
Kasey Dominguez,3086,281,8621,298,418
Jermaine Cummings,3298,5650,8570,5914,642
Madalynn Gordon,3189,2610,8426,2810,499
Alonso Cox,3275,8116,8409,8002,367
Mateo Duffy,3218,1399,4107,1416,533
Darien Cannon,8506,7055,9854,7204,613
Irene Wu,2627,4812,315,4256,378
Albert Ware,3872,9918,659,10072,453
Aiden Hernandez,3499,154,8908,166,321
Greyson Kirby,4996,6195,4635,5776,407
Brandon Bradshaw,3837,3355,8736,3556,418
Beckham Moss,3430,9080,8587,8593,630
Silas Simpson,3327,2111,1193,2598,464
Allyson Hays,4112,7772,9499,8070,636
Ross Schroeder,4669,5420,11851,5374,1021
Rolando Blake,4026,10721,8627,10394,745
Gustavo Edwards,3797,573,8948,699,390
Mario Payne,5042,6900,9200,6149,636
Humberto Singleton,3883,2873,1118,2707,344
Dominique Day,3883,8076,8438,8065,533
Zara Cohen,4210,1749,9476,1835,326
Rodney Ritter,4434,6998,9155,7015,510
Jimena Lindsey,4101,4130,8805,4319,395
Dangelo Hodges,4044,9900,8730,9505,206
Byron Ray,3923,1130,4342,1124,378
Justice Torres,4089,6309,631,6160,476
Carolyn Velez,3711,4101,1388,3803,499
Reuben Martin,4164,8937,8627,8736,556
Oswaldo Stark,4141,2535,1210,2202,413
Aimee Glenn,5816,6814,9441,6757,401
Bella Hurley,4319,4916,8776,5082,470
Cael Mcconnell,4325,10290,4537,10141,481
Annabel Hendricks,4801,665,9602,969,527
Crystal Guzman,4502,5007,8851,5162,367
Braylon Contreras,4841,2936,9333,2879,504
Travis Marks,4961,8501,4669,15258,562
Halle Mason,4606,1479,4554,1416,378
Quinton Hanson,4617,6424,8742,6539,401
Regina Hampton,4807,3998,8994,4193,573
Pedro Peters,5546,13096,5248,10164,539
Sophie Hahn,4812,980,5105,998,413
Lillianna Hale,5151,5914,4732,6975,458
Marquis Jennings,6895,5174,2489,4898,539
Jada Acosta,5730,9223,9487,8971,367
Jovanny Watts,4405,2208,630,2024,481
Marissa Mora,5076,7371,4766,7199,573
Kylee Gregory,5294,4755,9906,5478,619
Charlie Sweeney,5747,11564,1416,14398,619
Kamila Glass,5432,711,9774,688,453
Julia Rios,5248,5719,2432,5610,453
Valeria Good,5300,3028,10113,3212,464
Trevin Huber,5311,8489,9401,8455,579
Bryant Mayo,5593,1789,9637,1892,418
Marisol Mcclure,5822,7629,5443,7852,1032
Justice Bass,5753,4330,9734,4623,522
Rylee Howard,5495,9981,9373,9682,493
Yadiel Riley,5707,1284,2466,1170,458
Dax Juarez,6344,6315,9556,6556,533
Alice Robertson,5724,3235,5070,3200,286
Jayda Luna,5856,9235,9654,9166,522
Rashad Espinoza,6235,2552,10480,2925,619
Zoey Hinton,5960,7617,9562,7508,280
Belen Jensen,5764,4875,4875,4726,481
Karli Hoffman,5925,10623,9677,10526,533
Jasper Cross,6912,212,5294,154,510
Sloane Bowers,7503,5713,14168,9195,802
Jerimiah Rice,6436,2810,3608,2701,481
Alissa Bush,6401,8007,10537,8036,367
Dario Oconnell,6264,1646,5495,1474,533
Kiley Fernandez,6275,6476,9872,6568,590
Bernard Harris,6155,3791,5030,3671,430
Maia Calderon,6550,9418,9969,9820,739
Alessandro Campbell,6883,877,11403,940,430
Mollie Hood,6585,5971,10096,6149,550
Jeremy Khan,6539,3309,5260,3189,407
Jalen Brooks,6619,9011,10256,9115,275
Dustin Strickland,6069,1996,1336,1801,493
Ann Bryant,6814,7244,10170,7434,516
Madeleine Boone,7021,4732,10881,4944,653
Penelope Pratt,6418,9614,4996,9516,470
Ramiro Werner,7210,539,797,516,390
Sydney Barton,6768,5564,5489,5403,361
Hayden Chaney,6952,3028,5351,2839,481
Quinn Gay,6935,9315,5329,8352,550
Remington Turner,6912,1761,1416,1617,602
Alena Snow,8002,8329,2879,7084,447
Solomon Cook,7210,4239,5518,4112,499
Gianni Mccall,6648,9149,2598,9126,470
Kadence Chung,7715,1210,5759,1158,349
Audrina House,9344,7009,7038,6636,648
Elyse Lowery,6958,3579,5392,3418,384
Frankie Wagner,6975,8736,1405,8908,430
Salvador Pennington,7038,2380,2753,2145,481
Dominic Kerr,7078,7382,5329,7256,332
Ezekiel Padilla,7055,4772,6940,4669,470
Allison Woodward,6086,10411,195,10732,327
Selena Ferguson,7732,378,6510,395,545
Nikolas Orozco,6940,5300,1405,5002,378
Ruth Golden,7078,2839,5472,2747,481
Tate Mcguire,7824,7950,2707,7904,590
London Pruitt,7244,1589,2936,1468,470
Marques Hebert,7789,6952,5724,7279,688
Rayan Aguilar,7307,4112,5501,3969,550
Willow Vargas,8937,9384,418,10548,522
Makena Barry,9057,1543,6057,992,596
Rudy Berry,7916,7026,5977,5965,533
Jaydin Bean,7640,3510,5799,3803,545
Callie Avery,7875,9585,6613,9900,1147
Nash Rodriguez,7153,2168,774,1944,372
Jaylyn Haynes,7594,7365,2879,7244,567
Siena Munoz,7394,4692,1434,4359,562
Cesar Diaz,7468,10967,7342,10830,516
Xavier Hurst,7296,722,2776,613,470
Genevieve Whitehead,6786,5535,252,5254,418
Jaiden Murray,7801,3338,5845,3177,332
Jamison Sexton,7944,10531,1565,9768,321
Braiden Pearson,10749,2065,3843,1646,441
Nola Walters,7543,7227,774,6860,407
Ibrahim Bell,7543,4468,5621,4273,424
Tyree Vasquez,8828,9981,1491,10451,630
Taryn Melendez,7784,1560,2982,1164,424
Braxton Goodman,7795,6395,5650,6155,407
Billy Coleman,7761,3785,5805,3596,544
Nehemiah Trujillo,7640,8988,1531,11059,539
Phoebe Mcclain,7847,2839,3074,2237,521
Ayana Potter,8082,8277,3051,8134,504
Santino Daniel,8879,5197,5856,5070,562
Haleigh West,7222,10227,418,10382,332
Myah Moon,8013,321,3057,275,378
Angie Walls,8208,5621,470,5197,579
Kale Fleming,8690,3871,6246,2684,384
Riley Murillo,7887,7916,2914,7703,487
Gerardo Cole,7956,1480,5954,1428,458
Kenyon Rowe,8604,6820,1560,6820,562
Leilani Kent,9613,5592,3172,3826,889
Coleman Flowers,8197,9528,6051,10170,487
Patrick Ramirez,8076,929,3017,774,470
Jonathan Poole,9155,6378,3137,7916,407
Landen Underwood,8099,3430,1594,2994,476
Alec Palmer,9935,10004,6160,8925,837
Caylee Mcgrath,9218,2076,6241,2030,504
Giselle Montoya,8558,8289,6831,9654,476
Aliya Parrish,8529,5025,6160,4778,441
Colby Conrad,8133,9763,5919,9591,418
Aldo Holloway,8948,579,3166,430,487
Zoe Bennett,8139,5604,6321,5558,332
Daniella Dickerson,9120,3401,6654,3183,378
Emmett Roach,8701,10560,1611,8598,510
Porter Clark,11352,1933,9935,1801,590
Zariah Garrison,8185,6849,2959,6734,332
Lucia Sims,9172,4692,1606,3975,487
Macey Stevenson,11587,11914,912,10044,659
Yael Dalton,9034,1262,6373,1181,407
Cohen Ponce,8438,6338,3103,5931,447
Lara Huff,8518,3763,6166,3573,464
Adan Proctor,9327,8076,1657,7824,321
Rogelio Marsh,8690,2506,3436,2380,556
Kailee Duncan,8788,7767,6235,7485,338
Malaki York,8071,5323,166,4709,522
Shyla Anderson,8765,11329,6361,10279,562
Jazmin Key,9097,476,1629,384,441
Selina Davila,8816,5994,6350,5328,493
Bradyn Bishop,12201,2977,6872,2730,522
Maurice Carson,8753,8208,3200,8025,562
Uriah Abbott,8696,1646,6292,1548,476
Trenton Barker,8650,6849,6195,6487,585
Allan Ballard,9258,4273,6545,3877,367
Aryana Middleton,8897,9786,1640,9608,470
Alexia Duran,9355,866,6653,826,338
Nicole Mays,9453,6103,1640,5770,453
Kylan Mack,9786,3740,3361,3407,671
Robert David,8776,8787,6212,8564,516
Kelvin Curry,9051,2351,6579,2265,453
Julio Hanna,11082,8202,4164,8025,567
Serenity Dunlap,9080,4950,6401,4709,504
Azul Miles,9149,10462,1921,10566,539
Randall Johnson,9648,814,7600,797,441
Jamarcus Oneal,9235,6051,3344,5581,315
Cecelia Williamson,8541,3172,252,2724,504
Mireya Travis,9063,8472,889,8369,539
Ernesto Levine,9281,2219,7382,1892,441
Abdullah Carney,9378,5380,6602,5162,281
Freddy Stephenson,8919,4445,1623,3946,424
Julius Norman,11707,10308,3648,10571,585
Jamar Robinson,9671,1416,1743,1187,315
Sara Durham,9235,6585,6441,6201,539
Stephen Farmer,9338,3963,6596,3768,487
Kinsley Dickson,10371,9642,6665,10159,757
London Gill,9596,2696,3395,2380,481
Alondra Mendez,9654,7933,3430,7646,407
Alayna Greene,10107,4778,7491,4634,395
Kayley Valentine,9155,10566,912,10726,458
Miley Roth,177,206,1571,195,390
Kelly Oneill,189,5110,3355,5042,447
Ashly Wallace,493,2621,430,2569,493
Susan Allison,309,8220,6808,7698,453
Kaiden Galvan,281,1279,7158,1428,326
Elizabeth Johnston,246,6545,3338,6384,367
Braden Blackburn,298,3654,6705,3906,441
Judith Short,281,10032,1778,9459,539
Serena Heath,562,826,4015,808,499
Darryl Dougherty,361,5782,6728,5742,544
Shannon Nunez,390,3045,3315,3051,470
Kash Wells,872,8793,298,8535,458
Kathryn Esparza,413,1898,7136,2024,390
Alisa Griffin,510,7755,7382,8604,464
Melissa Barr,522,4497,7049,4589,556
Sarai Dixon,476,10342,3435,9763,516
Barbara Daniels,527,533,7199,550,487
Karlie Olsen,579,5730,3499,5449,579
Natalie Suarez,481,2684,837,2650,395
Jose Krause,602,8489,6958,8088,498
Holly Beard,596,1548,7089,1720,424
Kelsey Downs,625,7004,3516,6786,521
Mariana Watson,126,4078,286,4113,475
Maryjane Marshall,665,10067,7176,9413,585
Coby Rowland,636,975,877,958,441
Giancarlo Lloyd,676,5965,6837,6017,470
Darius Duke,866,3378,7204,3585,585
Tomas Graves,717,8960,6820,8730,436
Braelyn Eaton,785,2294,7112,2506,418
Talia Mitchell,728,7422,1801,7170,401
Jamie Brandt,860,4990,7302,4881,298
Saniyah Bentley,849,10790,7003,10009,533
Tessa Gilmore,843,332,3332,309,413
Alden Neal,883,5128,1875,5093,493
Peter Bautista,871,2592,7198,2782,476
Kyle Cherry,963,8879,4451,7967,619
Dana Martinez,940,1267,3980,1296,338
Kyler Delgado,1021,6929,7566,7755,648
Hadley Horne,940,3780,7038,3958,349
Jamir Gallegos,1015,9900,7181,9304,315
Aria Rangel,1009,935,1772,900,407
Lilianna Hopkins,1044,5891,7055,5833,470
Diamond Pittman,1021,3166,3470,3131,304
Ashlee Morales,1124,8759,7239,8472,516
Jazlene Stanley,1020,2013,940,1984,607
Jamiya Maynard,1244,8352,3975,7440,304
Randy Hammond,1170,4462,7159,4715,481
Emmy Spencer,1112,10193,1852,10153,533
Adam Richard,1256,3183,975,3126,384
Bailey King,1198,5627,3654,5392,464
Marie Holland,1256,2925,3568,2862,562
Lane Harper,1284,8271,7153,7996,550
Cassie Ferrell,1244,1657,7462,1841,470
Edward Hogan,1348,7004,3648,8042,521
Jaycee Gaines,1382,4233,3797,4164,481
Jeffrey Ali,1416,10348,7434,9757,407
Isaias Grimes,1388,1175,7600,1525,332
Lena Welch,1210,6447,579,6132,510
Jamal Reilly,1749,3969,1967,3745,481
Natalee Estes,1445,9080,7130,8621,453
Max Hudson,1514,2306,7577,2501,567
Sasha Yu,1531,7629,189,7508,556
Damian Stafford,1457,4898,1944,5007,326
Samantha Russo,1554,10939,7348,10233,464
Mary Page,1566,269,3636,252,567
Kole Sanchez,1692,5208,1032,5007,613
Ariel Montes,1789,2627,10606,2816,544
Jeremiah Perez,1703,8128,3889,7893,499
Mackenzie Patel,1686,1416,3716,1382,556
Abigayle Keller,1720,6642,3917,6487,355
Jared Campos,1789,3797,7675,4009,395
Anabel Reeves,1617,10508,1124,9837,338
Leonardo Henderson,1686,826,3613,780,384
Ellis Braun,1772,5759,7445,5776,424
Jax Higgins,1864,3172,7755,3453,533
Kiera Bauer,1893,9005,7870,9011,688
Jasiah Lam,1904,1927,7910,2111,447
Osvaldo Vaughan,1491,7124,309,6940,407
Liana Pham,1783,4422,1973,4262,447
Ismael Mueller,1893,10072,7319,9619,372
Kamora Foley,2001,545,8139,625,499
Brock Gillespie,1858,5460,3785,5329,361
Dereon Mclean,1910,2730,3757,2753,378
Payton Schwartz,2036,8283,3889,8030,579
Zane Scott,1921,1623,1910,1606,315
Laney Pollard,2122,7898,4399,7256,717
Gaven Sosa,1835,3963,998,3860,395
Madilyn Summers,2088,10199,584,13153,625
Amaris Banks,2237,1089,9677,1284,418
Jayleen Nolan,2202,6298,3969,6166,567
Fiona Anthony,2088,3384,7566,3590,430
Keagan Elliott,2311,9092,3917,8856,464
Shaylee Nguyen,2168,2208,3831,2340,441
Deanna Hunter,2265,7508,7726,7388,424
Abbey Mclaughlin,2277,120,8317,91,309
Jakayla Salazar,2151,10629,1038,10640,327
Spencer Zuniga,40,407,63,384,355
Katie Guerrero,2587,5661,4055,5874,476
Anderson Stewart,2380,2827,2007,2730,401
Maribel Hodge,2397,8243,7853,8082,636
Essence Li,2351,1485,8397,1640,418
Kadin Ortega,2501,6642,7835,6613,367
Braydon Rojas,2581,4371,4061,3860,487
Joyce Webb,2535,9969,1095,9843,424
Lorelai Armstrong,2443,934,8392,1009,516
Andy Clayton,2569,6235,4158,5937,453
Ezra Cobb,2541,3281,7927,3487,607
Sincere Trevino,2529,8839,2059,8707,447
Claudia Tapia,2483,1996,3883,2024,458
Mckayla Cunningham,2724,7749,8151,7612,642
Darnell Weeks,2397,5805,613,9149,682
Adelyn Mcpherson,2764,9682,8197,9447,453
Sylvia Knight,2632,688,4072,676,378
Waylon Hull,2638,5541,4113,5426,447
Rodrigo Mckenzie,2604,3338,1978,3126,481
Alex Bernard,2913,8185,8696,8139,430
Heidi Zamora,68,1738,120,1657,361
Salvatore Ortiz,2862,7325,4262,7072,527
Landin Cantu,2879,4342,8266,4950,1164
Kendall Potts,2885,12023,4422,10359,498
Lilliana Gomez,2936,1216,8415,1376,1170
Shania Holden,2856,6562,4135,6246,539
Hailey Jarvis,2828,4044,4021,3900,447
Kyla Vincent,2948,9941,1152,9487,665
Baron Bradley,2868,2122,8191,2323,521
Eddie Gamble,3028,7916,4095,7554,653
Sienna Parker,3459,9596,2151,4852,631
Anahi Barron,3183,11025,8398,10623,642
Eden Hickman,2971,223,4032,252,453
Dwayne Manning,3126,5403,2168,5300,688
Marely Andersen,3229,4715,8897,2810,545
Winston Kim,2982,7703,2076,7589,481
Brooks Myers,2919,1330,1032,1256,401
Clark Knapp,3241,6510,4204,6264,556
Rhianna Gonzalez,3808,3843,4233,5329,539
Chase Carrillo,3372,9923,8374,9614,521
Sarah Caldwell,3298,854,8598,889,556
Finley Rubio,3046,5604,2048,5432,395
Thalia Cooke,3240,3097,8329,3315,453
Edith Garza,4021,10256,5265,11300,671
Tristen Horton,3286,1967,8449,2139,545
Jamya Shannon,3350,7210,2151,7153,309
Carlo Morgan,3372,4359,8759,4646,550
Koen Shaffer,3367,10072,4216,9814,699
Whitney Burke,3436,510,8501,590,476
Rowan Cisneros,3298,5552,4210,5805,562
Yareli Huerta,3539,3384,10354,3028,372
Laci Saunders,3441,8076,2168,8025,539
Lesly Wolf,2879,1686,195,1543,533
Marin Odom,3591,6906,4359,7491,642
Brianna Perkins,3390,3940,4135,3917,338
Weston Doyle,3395,9390,8122,9189,499
Layne Frey,3608,1095,8604,1181,487
Kailyn Cooper,3642,6074,8455,6206,361
Genesis Irwin,3596,3344,8329,3613,430
Brooke Kaiser,3653,8937,5110,9006,510
Anya Davenport,3797,2409,9246,2632,378
Johan Kidd,4187,8260,4445,7589,487
Johanna Villarreal,3613,4898,1129,4657,516
Kaya Tate,3808,11822,2357,11116,642
Mohamed Ryan,3677,309,2196,338,522
Tyrone May,3688,5191,4285,5099,499
Carl Park,3860,2868,4468,2678,550
Sanaa Hardin,3866,8007,8719,8007,498
Prince Walter,3711,1497,1089,1422,418
Gracelyn Waters,3631,6390,608,6390,332
Marlon Forbes,4049,4262,9143,4216,705
Lauren Huynh,3866,10336,4503,10824,453
Nikhil Taylor,3889,929,4273,906,447
Rodolfo Robbins,4055,6109,2455,6235,567
Alexis Mcfarland,4021,2541,4468,2535,355
Skyla Craig,4021,8736,8828,8707,499
Emerson Wilkerson,3579,2076,327,1921,447
Soren Haley,4026,7239,8661,7279,516
Alberto Walsh,4061,4422,2317,4680,453
Pierce Dodson,3992,10090,8919,9740,481
Ariel Briggs,4285,694,9287,745,481
Abbie Sharp,4095,5042,2288,4938,332
Elena Blankenship,4147,2919,8747,3063,464
Christine Austin,4927,8512,9258,9975,1267
Donovan Howell,4485,1795,4657,1818,487
Sadie Davies,4371,7267,9573,7944,613
Janelle Mercer,4434,4262,8994,4411,361
Aiyana Schaefer,4439,12287,2506,10136,372
Brennan Greer,4319,1175,10227,1365,458
Kareem Ashley,4382,6401,9235,6608,430
Daniel Moody,5099,5105,5317,4067,315
Tyson Mckinney,4336,9200,8828,8994,602
Shea Sawyer,4302,2432,2306,2288,476
Janiya Beltran,4520,7709,9005,7749,344
Kody Barber,4497,5002,9441,5753,791
Eden Hayden,4732,10663,9591,10354,602
Celeste Schmitt,4422,160,2265,143,458
Evangeline Sullivan,4325,5111,1181,4921,413
Itzel Little,4428,2667,4583,2736,418
Alannah Drake,4709,8151,10227,8156,436
Tyrell Mercado,5329,1847,9746,1657,682
Courtney Adams,4824,6849,9114,8162,372
Aubrey Navarro,5139,4445,5340,4359,1078
Vivian Vang,4520,9160,1175,9292,499
Steven Duarte,4698,894,9315,952,281
Izabelle Pineda,6034,6132,2386,6132,493
Peyton Yates,3906,3298,143,3022,493
Jovan Atkinson,4887,9189,9327,9700,705
Ronin Price,5179,2065,4680,2030,625
Caitlin Erickson,17220,10812,47617,9981,1405
Marc Olson,5311,4675,9883,5082,602
Noelle Schultz,9201,13789,2655,11312,550
Aidan Valenzuela,5099,154,1284,149,395
Bridget Bowman,4812,5489,9132,5690,395
Korbin Deleon,5191,3011,10049,3160,739
Joey Floyd,6057,12006,13503,9975,699
Lyla Mcbride,4979,1761,4715,1766,550
Olivia Graham,5357,6963,9516,7543,464
Lilia Nixon,4887,4221,2730,4101,516
Zander Francis,4852,9774,9585,9413,372
Broderick Riggs,4858,1147,2351,1049,344
Ricky Mccormick,4961,6143,9120,6298,550
Dayana Howe,5168,3671,9660,4118,602
Reagan Cordova,5122,8994,9172,8862,636
Shyanne Sutton,5042,2420,2409,2294,545
Kailey Green,5191,8506,10497,7824,407
Madilynn Hubbard,5242,4916,9453,5110,596
Uriel Chan,4950,10181,8971,9969,527
Aracely Whitney,5265,372,688,315,476
Malcolm English,5512,5558,11099,5925,642
Joaquin Barajas,5329,2833,9568,3000,447
Alyvia Conley,5426,8139,9705,8203,338
Jayvon Flynn,6034,1657,10107,1703,630
Gisselle Kane,6384,7199,4858,7084,504
Karissa Mcmahon,5248,4032,2437,3872,476
Landon Livingston,5323,9355,9189,9287,613
Lucille Carter,5501,1072,9527,1095,556
Wilson Burton,5317,5833,9097,5931,499
Kolton Krueger,5495,3418,9602,3556,717
Cyrus Yang,4348,8604,172,8609,401
Davion Vance,5455,2208,2518,4256,785
Dixie Frye,5701,7732,9791,7812,470
Alma Villegas,5437,4657,1279,4457,424
Priscilla Branch,5409,10009,9298,9929,521
Paulina Frederick,5667,722,9585,757,533
Cole Vaughn,5426,5581,1313,5432,441
Allisson Farrell,5902,2644,10027,2810,378
Brennen Wiley,5644,8294,671,8478,504
Omari Arellano,5965,2001,9918,2082,504
Mariyah Donaldson,6097,7250,5202,7296,608
Celia Molina,5724,4342,4996,4330,527
Khalil Lee,5730,9843,9860,9786,694
Wayne Franco,7990,1319,9746,1388,521
Jon Phelps,6424,6740,3321,6866,516
Phoenix Pierce,5851,3751,9545,3860,464
Trey Baker,5816,9269,9545,9051,654
Allie Stuart,6023,2030,2661,1887,367
Leonard Dean,5885,7766,9774,8065,453
Moises Tyler,6384,5214,1359,5323,613
Luka Simon,5839,10554,4898,10216,562
Ishaan Mccarty,5845,137,5070,177,395
Ernest Carey,5954,5139,9654,5231,424
Dahlia Walton,8071,3206,705,2363,1187
Jenny Gentry,6332,7979,9872,8048,499
Tristan Schneider,5914,1439,1508,1359,625
Macy Nichols,6229,6619,5214,6602,642
Matthew Brock,6413,3889,9900,3980,608
Lacey Holmes,6103,9000,4938,8874,516
Kirsten Chambers,6309,831,10141,843,745
Chance Rivas,7015,5805,2587,5552,510
Kallie Arias,8839,5214,11243,3642,487
Charlie Williams,5954,8300,218,8300,498
Taylor Cowan,6275,2053,9878,2059,464
Madeline Glover,7067,7927,10050,7388,619
Kaelyn Hicks,6453,4543,10136,4732,361
Rebecca Stevens,6143,9860,2541,9860,596
Dayanara Morrison,6499,533,5328,487,550
Maverick Morris,6476,5931,5374,5403,613
Nigel Hayes,6344,2948,9854,3005,464
Yosef Romero,6292,7979,2564,7933,275
Asia Chavez,7181,1726,10801,1508,619
Cade Villanueva,6298,8162,694,6590,435
Charity Aguirre,6573,4198,10061,4239,481
Issac Buckley,6596,9315,5002,9269,418
Ty Terrell,6700,1135,1382,1049,585
Jolie Kelly,6636,6292,5179,6097,476
Reynaldo Patrick,6608,3556,10084,3751,567
Shelby Powers,6763,8822,5128,8679,487
Rafael Sherman,7101,2363,3269,2403,453
Elliana Mckay,6831,7434,10319,7755,453
Russell Compton,6711,6430,10743,5111,602
Guillermo Benitez,6499,10497,11438,10113,435
Kaleb Preston,6780,332,2650,304,424
